review_id,review_date,rating,wait_time,taste,service,comment
R000180,2024-01-01,5.0,11,4.2,4.2,味道非常棒，服务态度也很好，下次还会再来！
R000522,2024-01-01,4.3,17,2.3,3.2,今天点的菜都很好吃，服务员也很贴心。
R000559,2024-01-01,4.4,17,3.4,3.5,今天点的菜都很好吃，服务员也很贴心。
R001083,2024-01-01,3.5,14,3.9,4.2,普通的餐厅，没有太多特色。
R000163,2024-01-02,5.0,3,3.6,3.6,环境不错，菜品精致，服务员很有耐心。
R000303,2024-01-02,5.0,9,3.7,2.9,美食与服务兼具，值得推荐给大家！
R000421,2024-01-02,5.0,3,3.6,5.0,口味正宗，服务热情，是我喜欢的餐厅。
R000979,2024-01-02,3.6,4,2.6,2.4,普通的一餐，没有特别惊喜的地方。
R001147,2024-01-02,3.4,12,2.8,2.5,普通的餐厅，没有太多特色。
R001457,2024-01-02,4.0,22,3.0,3.7,口味正宗，服务热情，是我喜欢的餐厅。
R000610,2024-01-03,4.9,19,3.7,4.0,他们家的菜真的很合我口味，服务也到位。
R000032,2024-01-04,5.0,3,3.6,4.6,他们家的菜真的很合我口味，服务也到位。
R000231,2024-01-04,3.6,13,2.6,2.3,味道过得去，服务也还行，价格稍贵。
R000683,2024-01-04,3.9,13,3.0,3.0,味道还可以，服务一般，整体中规中矩吧。
R000367,2024-01-05,3.8,23,3.1,3.6,味道中规中矩，服务态度一般般。
R000391,2024-01-05,2.5,19,1.9,2.5,普通的餐厅，没有太多特色。
R000432,2024-01-05,1.5,18,2.7,1.1,踩雷了，这家店的味道和服务都不行。
R001265,2024-01-05,4.0,17,3.3,3.5,口味正宗，服务热情，是我喜欢的餐厅。
R001298,2024-01-05,3.9,3,3.1,3.1,味道过得去，服务也还行，价格稍贵。
R000150,2024-01-06,3.5,35,2.9,3.4,普通的一餐，没有特别惊喜的地方。
R000845,2024-01-06,5.0,3,4.1,3.3,菜品色香味俱全，服务员态度超好。
R000797,2024-01-07,4.3,18,3.1,3.4,今天用餐很愉快，菜品美味，服务周到。
R000921,2024-01-07,4.6,23,4.7,3.9,强烈推荐这家餐厅，味道好，服务一流！
R000291,2024-01-08,4.2,3,3.8,3.1,菜品口味极佳，服务员很热情，整体体验很棒。
R000907,2024-01-08,3.0,4,3.1,1.8,普通的一餐，没有特别惊喜的地方。
R001114,2024-01-08,4.2,14,2.7,3.7,环境不错，菜品精致，服务员很有耐心。
R001192,2024-01-08,3.0,13,2.6,1.7,整体感觉一般，可能不会特意再来。
R001357,2024-01-08,3.9,9,3.0,1.8,味道中规中矩，服务态度一般般。
R001468,2024-01-08,4.4,10,3.6,4.3,今天点的菜都很好吃，服务员也很贴心。
R000860,2024-01-09,4.7,18,3.5,3.5,环境不错，菜品精致，服务员很有耐心。
R001473,2024-01-09,4.0,4,3.8,3.7,菜品和服务都属于一般水平，不难吃也不惊艳。
R000184,2024-01-10,4.9,17,3.3,3.2,强烈推荐这家餐厅，味道好，服务一流！
R000734,2024-01-10,2.2,22,2.3,2.4,整体体验很差，味道和服务都不行。
R000225,2024-01-11,4.1,7,3.1,3.1,口味正宗，服务热情，是我喜欢的餐厅。
R000679,2024-01-11,3.9,31,4.3,3.8,味道中规中矩，服务态度一般般。
R000746,2024-01-11,3.1,15,2.7,3.0,菜品口味还行，服务态度马马虎虎。
R001041,2024-01-11,5.0,9,4.0,5.0,菜品色香味俱全，服务员态度超好。
R001441,2024-01-11,4.8,22,2.9,2.9,今天点的菜都很好吃，服务员也很贴心。
R001294,2024-01-12,4.7,7,3.6,3.9,慕名而来，果然名不虚传，味道和服务都很好。
R000003,2024-01-13,4.5,8,3.4,2.8,菜品色香味俱全，服务员态度超好。
R000464,2024-01-13,4.2,20,3.8,3.7,服务员很专业，菜品也很美味，点赞！
R000484,2024-01-13,3.8,21,3.3,3.4,味道还可以，服务一般，整体中规中矩吧。
R000591,2024-01-13,3.9,17,3.8,2.3,菜品和服务都还过得去，性价比一般。
R001374,2024-01-13,2.3,10,2.4,2.1,整体体验很差，味道和服务都不行。
R000021,2024-01-14,4.7,24,4.5,3.7,很满意的一次用餐体验，味道赞，服务棒。
R000708,2024-01-14,4.9,17,4.6,3.7,朋友推荐来的，果然没失望，味道和服务都满分！
R000713,2024-01-14,3.7,22,3.0,3.0,味道过得去，服务也还行，价格稍贵。
R000768,2024-01-14,5.0,17,4.6,3.7,他们家的菜真的很合我口味，服务也到位。
R001035,2024-01-14,4.3,11,2.5,3.1,今天点的菜都很好吃，服务员也很贴心。
R001466,2024-01-14,4.3,12,3.0,3.8,特别喜欢他们家的菜，每次来都很满意。
R000499,2024-01-15,3.4,13,2.6,3.5,整体感觉一般，可能不会特意再来。
R000697,2024-01-15,4.4,18,3.1,4.2,味道非常棒，服务态度也很好，下次还会再来！
R000831,2024-01-15,3.2,12,2.3,2.4,勉强及格吧，各方面都很普通。
R001106,2024-01-15,3.1,13,2.7,3.0,菜品和服务都还过得去，性价比一般。
R001232,2024-01-15,2.9,28,3.1,2.8,味道过得去，服务也还行，价格稍贵。
R000015,2024-01-16,2.8,14,1.9,2.5,普通的一餐，没有特别惊喜的地方。
R000743,2024-01-16,2.4,30,3.0,3.6,各方面都需要改进，目前水平太差。
R001498,2024-01-16,5.0,5,4.4,3.2,口味正宗，服务热情，是我喜欢的餐厅。
R000014,2024-01-17,3.3,3,1.4,1.9,菜品口味还行，服务态度马马虎虎。
R000103,2024-01-17,3.6,9,3.8,4.2,味道过得去，服务也还行，价格稍贵。
R000238,2024-01-17,4.5,6,2.7,3.5,慕名而来，果然名不虚传，味道和服务都很好。
R000986,2024-01-17,2.7,21,1.5,3.3,勉强及格吧，各方面都很普通。
R001415,2024-01-17,4.0,20,2.9,3.0,味道还可以，服务一般，整体中规中矩吧。
R001324,2024-01-18,4.9,3,2.9,4.4,今天点的菜都很好吃，服务员也很贴心。
R000438,2024-01-19,2.7,18,1.8,3.5,味道过得去，服务也还行，价格稍贵。
R001074,2024-01-19,3.4,14,2.4,2.6,普通的餐厅，没有太多特色。
R001182,2024-01-19,5.0,12,3.6,3.8,口味正宗，服务热情，是我喜欢的餐厅。
R001214,2024-01-19,5.0,3,2.8,4.1,他们家的菜真的很合我口味，服务也到位。
R000475,2024-01-20,4.5,14,3.5,3.1,服务员很专业，菜品也很美味，点赞！
R000505,2024-01-20,4.3,3,2.6,3.5,慕名而来，果然名不虚传，味道和服务都很好。
R001391,2024-01-20,4.7,16,3.7,3.5,味道非常棒，服务态度也很好，下次还会再来！
R000344,2024-01-21,3.5,15,3.5,3.1,整体感觉一般，可能不会特意再来。
R000448,2024-01-21,3.1,14,2.3,2.1,菜品和服务都还过得去，性价比一般。
R000742,2024-01-21,2.7,19,2.7,2.3,菜品口味还行，服务态度马马虎虎。
R001030,2024-01-21,3.7,5,3.0,2.8,味道过得去，服务也还行，价格稍贵。
R001045,2024-01-21,3.3,34,3.6,3.1,菜品口味还行，服务态度马马虎虎。
R001321,2024-01-21,4.4,12,3.2,3.4,口味正宗，服务热情，是我喜欢的餐厅。
R000445,2024-01-22,3.0,19,2.8,3.8,菜品和服务都属于一般水平，不难吃也不惊艳。
R000787,2024-01-22,4.7,21,3.8,3.1,口味正宗，服务热情，是我喜欢的餐厅。
R000049,2024-01-23,3.6,21,3.6,3.8,菜品口味还行，服务态度马马虎虎。
R000420,2024-01-23,4.1,11,3.0,4.2,很满意的一次用餐体验，味道赞，服务棒。
R000519,2024-01-23,3.1,20,3.9,3.5,菜品和服务都还过得去，性价比一般。
R001172,2024-01-23,4.0,19,3.3,3.6,味道还可以，服务一般，整体中规中矩吧。
R001492,2024-01-23,4.6,19,3.4,4.2,强烈推荐这家餐厅，味道好，服务一流！
R000064,2024-01-24,3.5,22,2.3,3.0,菜品口味还行，服务态度马马虎虎。
R000592,2024-01-24,3.2,17,3.2,2.7,整体感觉一般，可能不会特意再来。
R000912,2024-01-24,4.1,27,3.4,3.2,服务员很专业，菜品也很美味，点赞！
R001233,2024-01-24,3.8,19,2.8,4.0,味道还可以，服务一般，整体中规中矩吧。
R001390,2024-01-24,3.5,18,3.1,2.8,菜品口味还行，服务态度马马虎虎。
R000134,2024-01-25,4.1,23,4.2,4.1,强烈推荐这家餐厅，味道好，服务一流！
R000288,2024-01-26,5.0,8,3.4,3.3,味道非常棒，服务态度也很好，下次还会再来！
R000323,2024-01-26,3.3,13,2.0,2.5,菜品口味还行，服务态度马马虎虎。
R000618,2024-01-26,5.0,7,3.5,3.4,特别喜欢他们家的菜，每次来都很满意。
R000720,2024-01-26,4.3,13,3.1,2.7,特别喜欢他们家的菜，每次来都很满意。
R001301,2024-01-26,3.2,16,2.6,3.3,普通的一餐，没有特别惊喜的地方。
R001442,2024-01-26,5.0,11,4.0,4.4,口味正宗，服务热情，是我喜欢的餐厅。
R000415,2024-01-27,4.9,3,3.1,2.8,很满意的一次用餐体验，味道赞，服务棒。
R000736,2024-01-27,4.3,20,3.4,4.9,慕名而来，果然名不虚传，味道和服务都很好。
R000929,2024-01-27,4.7,23,3.3,3.5,服务员很专业，菜品也很美味，点赞！
R001096,2024-01-27,3.9,3,2.6,2.3,普通的餐厅，没有太多特色。
R001476,2024-01-27,5.0,15,3.8,3.3,菜品色香味俱全，服务员态度超好。
R000264,2024-01-28,3.8,3,3.2,3.1,普通的一餐，没有特别惊喜的地方。
R000913,2024-01-28,4.4,6,3.8,3.1,环境不错，菜品精致，服务员很有耐心。
R000940,2024-01-28,3.6,3,2.5,3.1,味道中规中矩，服务态度一般般。
R001088,2024-01-28,3.7,13,3.4,1.9,菜品和服务都属于一般水平，不难吃也不惊艳。
R000101,2024-01-29,2.8,13,2.1,2.6,菜品和服务都属于一般水平，不难吃也不惊艳。
R001235,2024-01-29,2.6,30,2.0,2.7,味道中规中矩，服务态度一般般。
R000189,2024-01-30,3.2,17,3.2,2.1,菜品和服务都属于一般水平，不难吃也不惊艳。
R000317,2024-01-30,5.0,3,3.6,4.5,美食与服务兼具，值得推荐给大家！
R000322,2024-01-30,4.5,15,3.1,3.6,口味正宗，服务热情，是我喜欢的餐厅。
R000329,2024-01-30,5.0,14,3.0,4.3,今天用餐很愉快，菜品美味，服务周到。
R000235,2024-01-31,4.7,21,3.3,4.2,今天点的菜都很好吃，服务员也很贴心。
R000300,2024-01-31,4.3,15,4.1,4.1,菜品口味极佳，服务员很热情，整体体验很棒。
R000964,2024-01-31,4.9,5,4.0,3.3,特别喜欢他们家的菜，每次来都很满意。
R001010,2024-01-31,4.4,4,3.2,3.1,口味正宗，服务热情，是我喜欢的餐厅。
R000269,2024-02-01,3.9,15,3.1,3.8,普通的餐厅，没有太多特色。
R000320,2024-02-01,4.2,7,4.3,3.2,今天用餐很愉快，菜品美味，服务周到。
R000673,2024-02-01,4.0,12,2.4,3.0,勉强及格吧，各方面都很普通。
R001429,2024-02-01,3.4,27,3.1,4.0,菜品和服务都还过得去，性价比一般。
R001499,2024-02-01,3.9,17,2.7,4.2,味道过得去，服务也还行，价格稍贵。
R000142,2024-02-02,4.5,26,2.8,4.1,很满意的一次用餐体验，味道赞，服务棒。
R000223,2024-02-02,4.3,20,4.3,3.7,今天用餐很愉快，菜品美味，服务周到。
R000666,2024-02-02,4.2,6,2.6,4.0,很满意的一次用餐体验，味道赞，服务棒。
R001381,2024-02-02,5.0,3,3.7,2.3,慕名而来，果然名不虚传，味道和服务都很好。
R001481,2024-02-02,4.4,17,3.0,3.1,菜品口味极佳，服务员很热情，整体体验很棒。
R000107,2024-02-03,5.0,15,3.3,3.8,慕名而来，果然名不虚传，味道和服务都很好。
R000933,2024-02-03,3.0,14,2.8,2.8,味道还可以，服务一般，整体中规中矩吧。
R000237,2024-02-04,2.6,6,2.6,2.0,味道中规中矩，服务态度一般般。
R000335,2024-02-04,4.9,10,4.4,2.7,今天点的菜都很好吃，服务员也很贴心。
R000063,2024-02-05,3.5,3,2.5,2.3,味道中规中矩，服务态度一般般。
R000195,2024-02-05,3.3,16,2.5,3.4,普通的一餐，没有特别惊喜的地方。
R000333,2024-02-05,3.6,22,4.0,3.8,普通的餐厅，没有太多特色。
R000379,2024-02-05,5.0,3,4.2,3.6,菜品色香味俱全，服务员态度超好。
R000490,2024-02-05,5.0,18,2.9,5.0,强烈推荐这家餐厅，味道好，服务一流！
R000530,2024-02-05,3.2,11,2.2,3.0,味道还可以，服务一般，整体中规中矩吧。
R000740,2024-02-05,4.3,20,3.1,4.4,服务员很专业，菜品也很美味，点赞！
R000793,2024-02-05,4.5,15,3.5,2.6,菜品色香味俱全，服务员态度超好。
R001141,2024-02-05,2.2,29,3.3,3.7,非常失望的一次用餐，不会再来了。
R001216,2024-02-05,5.0,3,4.2,3.7,美食与服务兼具，值得推荐给大家！
R001448,2024-02-05,4.8,3,3.6,4.4,朋友推荐来的，果然没失望，味道和服务都满分！
R000085,2024-02-06,3.2,18,2.7,2.9,菜品和服务都属于一般水平，不难吃也不惊艳。
R000232,2024-02-06,4.2,12,2.3,3.5,特别喜欢他们家的菜，每次来都很满意。
R000240,2024-02-06,4.3,28,4.1,4.2,很满意的一次用餐体验，味道赞，服务棒。
R000993,2024-02-06,4.2,11,2.1,3.1,朋友推荐来的，果然没失望，味道和服务都满分！
R001009,2024-02-06,5.0,4,3.5,3.8,环境不错，菜品精致，服务员很有耐心。
R000366,2024-02-07,4.7,3,4.0,2.2,环境不错，菜品精致，服务员很有耐心。
R000372,2024-02-07,4.4,13,2.9,4.5,今天点的菜都很好吃，服务员也很贴心。
R000596,2024-02-07,4.0,14,3.5,2.9,慕名而来，果然名不虚传，味道和服务都很好。
R000936,2024-02-07,3.9,12,3.1,2.8,普通的一餐，没有特别惊喜的地方。
R001271,2024-02-07,4.4,13,3.7,5.0,很满意的一次用餐体验，味道赞，服务棒。
R000284,2024-02-08,3.1,21,2.9,2.2,菜品和服务都属于一般水平，不难吃也不惊艳。
R000434,2024-02-08,4.2,14,3.6,4.4,环境不错，菜品精致，服务员很有耐心。
R000775,2024-02-08,4.5,6,2.7,3.5,特别喜欢他们家的菜，每次来都很满意。
R000977,2024-02-08,3.8,13,3.2,3.1,味道还可以，服务一般，整体中规中矩吧。
R001197,2024-02-08,3.8,23,3.7,3.2,普通的餐厅，没有太多特色。
R001347,2024-02-08,1.9,10,1.7,3.9,味道不太合我的口味，有点失望。
R000649,2024-02-09,4.2,14,3.5,3.7,菜品口味极佳，服务员很热情，整体体验很棒。
R000054,2024-02-10,5.0,8,3.2,3.1,朋友推荐来的，果然没失望，味道和服务都满分！
R000068,2024-02-10,5.0,19,3.8,3.1,他们家的菜真的很合我口味，服务也到位。
R000192,2024-02-10,4.5,11,4.0,4.0,味道非常棒，服务态度也很好，下次还会再来！
R001249,2024-02-10,3.5,18,3.6,3.5,菜品口味还行，服务态度马马虎虎。
R000331,2024-02-11,4.2,20,3.7,3.9,强烈推荐这家餐厅，味道好，服务一流！
R000346,2024-02-11,4.6,6,4.1,3.8,味道非常棒，服务态度也很好，下次还会再来！
R000657,2024-02-11,3.8,11,3.2,3.5,菜品口味还行，服务态度马马虎虎。
R000732,2024-02-11,2.7,21,2.2,3.2,普通的餐厅，没有太多特色。
R000972,2024-02-11,2.7,33,2.3,3.3,勉强及格吧，各方面都很普通。
R001028,2024-02-11,3.6,19,3.1,3.5,勉强及格吧，各方面都很普通。
R001205,2024-02-11,3.5,16,3.3,3.2,菜品口味还行，服务态度马马虎虎。
R000714,2024-02-12,4.6,11,2.4,3.8,菜品口味极佳，服务员很热情，整体体验很棒。
R000193,2024-02-13,3.7,21,4.5,4.1,普通的餐厅，没有太多特色。
R000577,2024-02-13,3.8,19,2.9,3.5,整体感觉一般，可能不会特意再来。
R000848,2024-02-13,5.0,8,3.7,2.7,美食与服务兼具，值得推荐给大家！
R000945,2024-02-13,4.7,10,3.7,4.5,美食与服务兼具，值得推荐给大家！
R000011,2024-02-14,4.0,5,2.9,2.5,朋友推荐来的，果然没失望，味道和服务都满分！
R000821,2024-02-14,4.1,18,2.7,3.3,环境不错，菜品精致，服务员很有耐心。
R001076,2024-02-15,4.3,6,3.0,2.0,今天点的菜都很好吃，服务员也很贴心。
R000133,2024-02-16,4.0,9,1.7,3.1,菜品和服务都还过得去，性价比一般。
R001036,2024-02-16,5.0,12,4.4,5.0,菜品色香味俱全，服务员态度超好。
R001057,2024-02-16,4.4,3,3.9,3.4,他们家的菜真的很合我口味，服务也到位。
R001222,2024-02-16,3.8,10,3.8,4.6,味道中规中矩，服务态度一般般。
R001328,2024-02-16,4.0,14,3.6,3.4,特别喜欢他们家的菜，每次来都很满意。
R001355,2024-02-16,3.6,24,3.1,2.3,味道中规中矩，服务态度一般般。
R001435,2024-02-16,3.5,22,2.8,4.3,菜品和服务都还过得去，性价比一般。
R000016,2024-02-17,3.3,14,3.4,2.6,菜品和服务都属于一般水平，不难吃也不惊艳。
R000042,2024-02-17,3.9,29,3.4,4.6,味道过得去，服务也还行，价格稍贵。
R000292,2024-02-17,4.0,15,1.7,2.9,环境不错，菜品精致，服务员很有耐心。
R000416,2024-02-17,3.4,10,2.7,3.2,勉强及格吧，各方面都很普通。
R000584,2024-02-17,5.0,3,3.3,3.4,美食与服务兼具，值得推荐给大家！
R000861,2024-02-17,4.3,6,3.1,3.5,口味正宗，服务热情，是我喜欢的餐厅。
R001117,2024-02-17,5.0,9,3.8,3.9,朋友推荐来的，果然没失望，味道和服务都满分！
R000256,2024-02-18,2.6,25,3.0,3.3,普通的一餐，没有特别惊喜的地方。
R000044,2024-02-19,3.8,11,3.1,2.9,整体感觉一般，可能不会特意再来。
R000257,2024-02-19,5.0,13,3.5,3.1,强烈推荐这家餐厅，味道好，服务一流！
R001318,2024-02-19,4.0,17,3.6,3.4,今天用餐很愉快，菜品美味，服务周到。
R001395,2024-02-19,3.6,19,3.4,3.5,味道过得去，服务也还行，价格稍贵。
R000268,2024-02-20,3.2,13,2.2,2.6,普通的餐厅，没有太多特色。
R000287,2024-02-20,3.7,12,2.9,3.8,勉强及格吧，各方面都很普通。
R000966,2024-02-20,4.9,22,4.1,4.0,他们家的菜真的很合我口味，服务也到位。
R001224,2024-02-20,4.8,26,4.0,3.2,朋友推荐来的，果然没失望，味道和服务都满分！
R001410,2024-02-20,3.8,25,3.5,2.7,味道中规中矩，服务态度一般般。
R001423,2024-02-20,3.4,13,3.6,3.6,勉强及格吧，各方面都很普通。
R000070,2024-02-21,3.5,10,3.2,3.1,菜品和服务都还过得去，性价比一般。
R000371,2024-02-21,4.3,6,3.2,5.0,环境不错，菜品精致，服务员很有耐心。
R000900,2024-02-21,2.9,15,2.9,3.2,普通的一餐，没有特别惊喜的地方。
R001187,2024-02-21,2.5,18,3.8,3.7,各方面都需要改进，目前水平太差。
R001189,2024-02-21,4.1,21,3.3,2.9,美食与服务兼具，值得推荐给大家！
R001227,2024-02-21,3.7,23,4.2,2.1,菜品口味还行，服务态度马马虎虎。
R000008,2024-02-22,3.9,22,2.9,3.9,普通的餐厅，没有太多特色。
R000041,2024-02-22,4.9,14,3.9,3.1,服务员很专业，菜品也很美味，点赞！
R000454,2024-02-22,4.5,9,3.2,4.2,他们家的菜真的很合我口味，服务也到位。
R000780,2024-02-22,4.3,18,3.5,3.7,慕名而来，果然名不虚传，味道和服务都很好。
R000920,2024-02-22,4.6,4,3.3,2.8,强烈推荐这家餐厅，味道好，服务一流！
R000396,2024-02-23,4.0,12,2.2,3.2,菜品口味还行，服务态度马马虎虎。
R001064,2024-02-23,2.6,17,2.4,3.0,普通的一餐，没有特别惊喜的地方。
R000168,2024-02-24,5.0,10,4.0,5.0,朋友推荐来的，果然没失望，味道和服务都满分！
R000400,2024-02-24,4.7,12,3.7,4.4,菜品口味极佳，服务员很热情，整体体验很棒。
R000611,2024-02-24,4.9,10,3.6,3.4,强烈推荐这家餐厅，味道好，服务一流！
R000800,2024-02-24,4.9,3,2.7,3.6,服务员很专业，菜品也很美味，点赞！
R001285,2024-02-24,3.9,11,2.4,2.9,菜品和服务都还过得去，性价比一般。
R000272,2024-02-25,2.6,28,2.0,2.1,勉强及格吧，各方面都很普通。
R000473,2024-02-25,2.6,20,2.4,2.1,菜品和服务都属于一般水平，不难吃也不惊艳。
R000506,2024-02-25,3.5,16,2.2,2.4,普通的餐厅，没有太多特色。
R000766,2024-02-25,3.2,24,2.8,2.6,整体感觉一般，可能不会特意再来。
R001370,2024-02-25,2.8,24,2.8,2.7,普通的一餐，没有特别惊喜的地方。
R001487,2024-02-25,3.3,14,2.6,2.2,味道中规中矩，服务态度一般般。
R000135,2024-02-26,3.1,12,2.7,2.6,味道中规中矩，服务态度一般般。
R001464,2024-02-26,3.3,6,3.3,2.2,味道还可以，服务一般，整体中规中矩吧。
R000002,2024-02-27,3.9,10,2.7,2.5,味道中规中矩，服务态度一般般。
R000158,2024-02-27,3.7,25,3.5,3.1,味道中规中矩，服务态度一般般。
R000185,2024-02-27,4.2,5,2.7,2.7,他们家的菜真的很合我口味，服务也到位。
R000433,2024-02-27,3.5,11,3.3,4.2,味道过得去，服务也还行，价格稍贵。
R000152,2024-02-28,3.9,17,3.2,3.9,勉强及格吧，各方面都很普通。
R000753,2024-02-28,3.6,3,3.3,2.7,整体感觉一般，可能不会特意再来。
R000763,2024-02-28,4.7,24,3.5,4.2,朋友推荐来的，果然没失望，味道和服务都满分！
R000932,2024-02-28,5.0,6,4.7,3.6,今天点的菜都很好吃，服务员也很贴心。
R001002,2024-02-28,3.9,22,3.7,4.2,菜品和服务都还过得去，性价比一般。
R001119,2024-02-28,3.8,18,3.1,3.7,菜品和服务都属于一般水平，不难吃也不惊艳。
R001345,2024-02-28,4.6,16,3.4,4.3,服务员很专业，菜品也很美味，点赞！
R001480,2024-02-28,3.5,16,3.5,3.5,整体感觉一般，可能不会特意再来。
R000399,2024-02-29,4.0,19,4.3,3.7,他们家的菜真的很合我口味，服务也到位。
R000500,2024-02-29,3.0,9,2.2,2.2,普通的一餐，没有特别惊喜的地方。
R000514,2024-02-29,3.5,7,1.8,2.8,味道还可以，服务一般，整体中规中矩吧。
R001080,2024-02-29,4.1,29,3.5,3.8,菜品色香味俱全，服务员态度超好。
R001388,2024-02-29,4.7,26,3.2,3.5,强烈推荐这家餐厅，味道好，服务一流！
R001394,2024-02-29,4.0,16,3.0,2.6,味道还可以，服务一般，整体中规中矩吧。
R000947,2024-03-01,2.1,17,2.6,1.9,非常失望的一次用餐，不会再来了。
R001121,2024-03-01,4.6,20,3.5,3.7,口味正宗，服务热情，是我喜欢的餐厅。
R000220,2024-03-02,4.6,11,3.6,3.5,特别喜欢他们家的菜，每次来都很满意。
R000339,2024-03-02,4.4,14,3.7,4.4,朋友推荐来的，果然没失望，味道和服务都满分！
R000785,2024-03-02,4.8,11,3.7,4.6,菜品色香味俱全，服务员态度超好。
R000885,2024-03-02,4.6,15,3.5,4.2,朋友推荐来的，果然没失望，味道和服务都满分！
R000888,2024-03-02,4.6,7,2.9,2.3,菜品口味极佳，服务员很热情，整体体验很棒。
R000621,2024-03-03,1.9,34,2.1,2.2,性价比很低，不值得来。
R001105,2024-03-03,5.0,10,3.8,4.2,美食与服务兼具，值得推荐给大家！
R001433,2024-03-03,5.0,7,3.8,3.9,环境不错，菜品精致，服务员很有耐心。
R000052,2024-03-04,4.1,13,2.6,3.7,朋友推荐来的，果然没失望，味道和服务都满分！
R000536,2024-03-04,3.4,37,4.0,4.9,菜品口味还行，服务态度马马虎虎。
R001017,2024-03-04,3.5,15,2.6,3.4,味道中规中矩，服务态度一般般。
R001360,2024-03-04,4.7,16,3.6,3.1,菜品色香味俱全，服务员态度超好。
R000197,2024-03-05,3.2,6,3.1,3.3,味道中规中矩，服务态度一般般。
R000750,2024-03-05,2.5,22,1.7,3.0,菜品和服务都属于一般水平，不难吃也不惊艳。
R000910,2024-03-05,5.0,5,3.5,4.7,口味正宗，服务热情，是我喜欢的餐厅。
R000917,2024-03-05,4.0,19,3.5,3.5,味道中规中矩，服务态度一般般。
R001183,2024-03-05,5.0,12,3.3,3.2,今天用餐很愉快，菜品美味，服务周到。
R001445,2024-03-05,3.7,17,2.5,3.9,味道中规中矩，服务态度一般般。
R001477,2024-03-05,2.8,25,2.9,4.3,菜品口味还行，服务态度马马虎虎。
R000198,2024-03-06,4.2,9,2.3,4.2,今天点的菜都很好吃，服务员也很贴心。
R000444,2024-03-06,4.3,12,3.9,2.9,他们家的菜真的很合我口味，服务也到位。
R000547,2024-03-06,4.0,15,3.9,2.4,味道过得去，服务也还行，价格稍贵。
R000705,2024-03-06,3.0,7,2.3,4.1,勉强及格吧，各方面都很普通。
R000423,2024-03-07,4.6,6,3.3,3.6,特别喜欢他们家的菜，每次来都很满意。
R001460,2024-03-07,4.5,6,3.9,5.0,强烈推荐这家餐厅，味道好，服务一流！
R000248,2024-03-08,3.5,19,2.5,2.4,菜品口味还行，服务态度马马虎虎。
R000360,2024-03-08,2.8,17,2.2,2.9,菜品口味还行，服务态度马马虎虎。
R000377,2024-03-08,5.0,10,3.5,3.0,慕名而来，果然名不虚传，味道和服务都很好。
R001100,2024-03-08,4.0,11,3.4,3.8,今天点的菜都很好吃，服务员也很贴心。
R001327,2024-03-08,3.2,24,2.4,2.9,味道还可以，服务一般，整体中规中矩吧。
R001334,2024-03-08,5.0,12,4.0,4.5,美食与服务兼具，值得推荐给大家！
R001467,2024-03-08,4.8,17,4.3,4.5,特别喜欢他们家的菜，每次来都很满意。
R000397,2024-03-09,2.8,12,2.5,1.6,菜品和服务都属于一般水平，不难吃也不惊艳。
R000623,2024-03-09,5.0,14,2.9,3.8,味道非常棒，服务态度也很好，下次还会再来！
R000717,2024-03-10,4.6,11,4.9,3.6,今天用餐很愉快，菜品美味，服务周到。
R001140,2024-03-10,4.8,18,3.6,3.9,菜品色香味俱全，服务员态度超好。
R001398,2024-03-10,2.7,28,2.2,3.6,菜品口味还行，服务态度马马虎虎。
R000130,2024-03-11,2.9,21,2.7,3.4,味道还可以，服务一般，整体中规中矩吧。
R000658,2024-03-11,4.6,12,2.1,5.0,菜品口味极佳，服务员很热情，整体体验很棒。
R001316,2024-03-11,3.2,21,3.0,3.2,味道还可以，服务一般，整体中规中矩吧。
R000007,2024-03-12,4.7,20,4.1,4.4,服务员很专业，菜品也很美味，点赞！
R000119,2024-03-12,5.0,11,4.4,3.9,服务员很专业，菜品也很美味，点赞！
R000278,2024-03-12,3.5,14,2.9,3.8,整体感觉一般，可能不会特意再来。
R001389,2024-03-12,4.3,11,3.3,2.1,服务员很专业，菜品也很美味，点赞！
R001008,2024-03-13,4.6,24,3.2,2.2,美食与服务兼具，值得推荐给大家！
R001348,2024-03-13,4.6,8,2.9,3.3,环境不错，菜品精致，服务员很有耐心。
R000117,2024-03-14,4.1,17,3.1,4.1,很满意的一次用餐体验，味道赞，服务棒。
R001193,2024-03-14,3.5,14,3.5,3.3,菜品和服务都属于一般水平，不难吃也不惊艳。
R001257,2024-03-14,4.9,16,3.5,4.3,很满意的一次用餐体验，味道赞，服务棒。
R001135,2024-03-15,3.2,28,3.0,2.8,味道还可以，服务一般，整体中规中矩吧。
R001240,2024-03-15,4.5,21,3.9,4.1,环境不错，菜品精致，服务员很有耐心。
R001459,2024-03-15,4.5,24,3.1,3.7,慕名而来，果然名不虚传，味道和服务都很好。
R000442,2024-03-16,4.1,11,2.9,3.3,口味正宗，服务热情，是我喜欢的餐厅。
R000590,2024-03-16,3.0,26,2.5,2.6,整体感觉一般，可能不会特意再来。
R000607,2024-03-16,3.5,7,2.4,2.4,菜品和服务都属于一般水平，不难吃也不惊艳。
R001455,2024-03-16,4.5,7,4.2,4.0,今天用餐很愉快，菜品美味，服务周到。
R000436,2024-03-17,4.4,3,3.7,3.8,他们家的菜真的很合我口味，服务也到位。
R000942,2024-03-17,4.5,26,4.3,3.4,味道非常棒，服务态度也很好，下次还会再来！
R001006,2024-03-17,4.8,8,3.7,4.1,口味正宗，服务热情，是我喜欢的餐厅。
R001154,2024-03-17,2.8,23,2.1,3.4,味道中规中矩，服务态度一般般。
R000659,2024-03-18,3.7,25,3.4,3.4,整体感觉一般，可能不会特意再来。
R000941,2024-03-18,2.3,28,2.7,2.4,各方面都需要改进，目前水平太差。
R001180,2024-03-18,3.0,12,2.4,2.6,味道中规中矩，服务态度一般般。
R000136,2024-03-19,4.8,11,4.1,2.3,特别喜欢他们家的菜，每次来都很满意。
R000175,2024-03-19,3.8,27,2.9,4.0,菜品和服务都属于一般水平，不难吃也不惊艳。
R000663,2024-03-19,4.1,18,3.4,3.3,美食与服务兼具，值得推荐给大家！
R000748,2024-03-19,4.0,4,2.9,2.1,菜品和服务都还过得去，性价比一般。
R000806,2024-03-19,2.8,39,3.3,3.9,菜品和服务都属于一般水平，不难吃也不惊艳。
R001123,2024-03-19,4.4,15,4.0,3.1,强烈推荐这家餐厅，味道好，服务一流！
R000038,2024-03-20,2.1,10,2.2,2.3,非常失望的一次用餐，不会再来了。
R000313,2024-03-20,3.8,27,4.7,4.2,勉强及格吧，各方面都很普通。
R000402,2024-03-20,3.4,12,3.1,2.5,菜品和服务都还过得去，性价比一般。
R000459,2024-03-20,3.0,23,2.9,3.1,味道还可以，服务一般，整体中规中矩吧。
R001196,2024-03-20,4.0,26,3.2,3.9,今天点的菜都很好吃，服务员也很贴心。
R001407,2024-03-20,2.9,11,2.3,2.6,味道过得去，服务也还行，价格稍贵。
R000161,2024-03-21,2.9,25,2.4,3.8,普通的餐厅，没有太多特色。
R000328,2024-03-21,4.4,26,3.3,4.3,菜品色香味俱全，服务员态度超好。
R000383,2024-03-21,2.5,5,2.1,1.9,菜品和服务都还过得去，性价比一般。
R000973,2024-03-21,5.0,8,3.8,3.6,今天点的菜都很好吃，服务员也很贴心。
R000978,2024-03-21,1.9,26,2.6,2.2,整体体验很差，味道和服务都不行。
R001270,2024-03-21,4.8,13,4.4,3.0,特别喜欢他们家的菜，每次来都很满意。
R000033,2024-03-22,4.1,17,3.4,3.7,很满意的一次用餐体验，味道赞，服务棒。
R000138,2024-03-22,3.5,18,2.5,2.5,整体感觉一般，可能不会特意再来。
R000471,2024-03-22,3.6,19,3.0,4.2,菜品口味还行，服务态度马马虎虎。
R000636,2024-03-22,2.8,10,2.4,2.6,味道中规中矩，服务态度一般般。
R001111,2024-03-22,3.4,20,3.7,3.7,普通的一餐，没有特别惊喜的地方。
R000177,2024-03-23,3.6,24,2.5,3.8,味道过得去，服务也还行，价格稍贵。
R000426,2024-03-23,5.0,7,4.4,3.7,口味正宗，服务热情，是我喜欢的餐厅。
R001065,2024-03-23,4.1,7,2.5,3.2,今天点的菜都很好吃，服务员也很贴心。
R000076,2024-03-24,4.5,14,4.6,3.7,菜品色香味俱全，服务员态度超好。
R000091,2024-03-24,4.7,6,2.3,3.1,今天点的菜都很好吃，服务员也很贴心。
R000461,2024-03-24,4.9,14,4.7,3.8,慕名而来，果然名不虚传，味道和服务都很好。
R000764,2024-03-24,4.8,6,3.6,3.6,今天点的菜都很好吃，服务员也很贴心。
R000202,2024-03-25,4.0,18,3.7,2.8,整体感觉一般，可能不会特意再来。
R000301,2024-03-25,2.7,30,2.9,3.3,菜品口味还行，服务态度马马虎虎。
R000703,2024-03-25,2.6,20,2.3,3.2,普通的餐厅，没有太多特色。
R001011,2024-03-25,5.0,18,3.9,4.1,慕名而来，果然名不虚传，味道和服务都很好。
R001340,2024-03-25,4.6,13,3.1,3.1,今天点的菜都很好吃，服务员也很贴心。
R000294,2024-03-26,4.6,20,3.8,4.0,口味正宗，服务热情，是我喜欢的餐厅。
R000760,2024-03-26,4.6,16,3.6,4.9,强烈推荐这家餐厅，味道好，服务一流！
R001229,2024-03-26,5.0,9,3.9,3.9,今天用餐很愉快，菜品美味，服务周到。
R000575,2024-03-27,4.9,10,3.0,3.9,环境不错，菜品精致，服务员很有耐心。
R000088,2024-03-28,3.9,12,4.0,4.1,整体感觉一般，可能不会特意再来。
R001247,2024-03-28,4.0,16,3.3,3.2,味道过得去，服务也还行，价格稍贵。
R000975,2024-03-29,4.0,17,3.1,3.1,菜品和服务都还过得去，性价比一般。
R000553,2024-03-30,5.0,9,4.0,4.2,朋友推荐来的，果然没失望，味道和服务都满分！
R001046,2024-03-30,4.4,18,3.5,2.8,强烈推荐这家餐厅，味道好，服务一流！
R001248,2024-03-30,3.8,5,3.9,3.2,味道还可以，服务一般，整体中规中矩吧。
R001332,2024-03-30,5.0,7,3.3,3.9,很满意的一次用餐体验，味道赞，服务棒。
R001463,2024-03-30,3.7,10,3.5,3.3,普通的餐厅，没有太多特色。
R001474,2024-03-30,3.8,30,3.5,2.1,味道过得去，服务也还行，价格稍贵。
R000462,2024-03-31,3.6,17,4.2,2.8,整体感觉一般，可能不会特意再来。
R000614,2024-03-31,4.1,6,2.8,2.0,朋友推荐来的，果然没失望，味道和服务都满分！
R000808,2024-03-31,3.9,13,1.9,2.7,普通的一餐，没有特别惊喜的地方。
R000166,2024-04-01,4.2,14,2.6,3.5,今天点的菜都很好吃，服务员也很贴心。
R000465,2024-04-01,3.4,19,3.2,3.0,菜品口味还行，服务态度马马虎虎。
R000502,2024-04-01,4.7,13,3.6,3.7,味道非常棒，服务态度也很好，下次还会再来！
R000905,2024-04-01,3.5,28,4.1,3.0,整体感觉一般，可能不会特意再来。
R001052,2024-04-02,4.9,3,3.5,3.8,特别喜欢他们家的菜，每次来都很满意。
R001246,2024-04-02,3.0,12,1.7,3.0,整体感觉一般，可能不会特意再来。
R000280,2024-04-03,3.9,9,3.3,1.3,普通的餐厅，没有太多特色。
R000719,2024-04-03,3.6,31,2.9,2.9,菜品和服务都还过得去，性价比一般。
R000834,2024-04-03,3.5,12,2.1,3.7,勉强及格吧，各方面都很普通。
R000891,2024-04-04,5.0,3,4.0,3.4,强烈推荐这家餐厅，味道好，服务一流！
R000928,2024-04-04,4.0,14,3.6,3.6,美食与服务兼具，值得推荐给大家！
R000332,2024-04-05,2.8,16,1.9,2.3,普通的餐厅，没有太多特色。
R001089,2024-04-06,4.1,8,3.6,4.0,强烈推荐这家餐厅，味道好，服务一流！
R001165,2024-04-06,4.5,18,3.6,3.6,菜品色香味俱全，服务员态度超好。
R000255,2024-04-07,2.5,19,2.5,2.3,整体感觉一般，可能不会特意再来。
R000275,2024-04-07,3.3,9,2.2,1.5,勉强及格吧，各方面都很普通。
R000314,2024-04-07,4.6,22,3.1,3.3,菜品色香味俱全，服务员态度超好。
R000517,2024-04-07,5.0,12,3.1,2.4,慕名而来，果然名不虚传，味道和服务都很好。
R000847,2024-04-07,4.4,11,3.9,3.4,他们家的菜真的很合我口味，服务也到位。
R001137,2024-04-07,4.7,16,3.8,5.0,服务员很专业，菜品也很美味，点赞！
R001310,2024-04-07,4.3,10,3.2,3.5,美食与服务兼具，值得推荐给大家！
R001432,2024-04-07,4.4,11,2.5,3.3,环境不错，菜品精致，服务员很有耐心。
R000061,2024-04-08,3.7,14,3.1,2.5,菜品口味还行，服务态度马马虎虎。
R000274,2024-04-08,3.6,16,3.6,3.4,勉强及格吧，各方面都很普通。
R000486,2024-04-08,3.5,19,2.1,3.7,味道还可以，服务一般，整体中规中矩吧。
R000548,2024-04-08,3.6,14,3.8,3.3,普通的一餐，没有特别惊喜的地方。
R000886,2024-04-08,5.0,8,4.2,4.0,强烈推荐这家餐厅，味道好，服务一流！
R000892,2024-04-08,5.0,7,3.8,3.7,今天用餐很愉快，菜品美味，服务周到。
R000601,2024-04-09,4.1,18,3.2,4.4,今天用餐很愉快，菜品美味，服务周到。
R000901,2024-04-09,4.8,9,3.1,2.9,慕名而来，果然名不虚传，味道和服务都很好。
R000527,2024-04-10,2.0,29,2.2,2.0,非常失望的一次用餐，不会再来了。
R000023,2024-04-11,4.9,13,3.0,3.7,特别喜欢他们家的菜，每次来都很满意。
R000174,2024-04-11,4.2,7,3.8,2.9,今天点的菜都很好吃，服务员也很贴心。
R000589,2024-04-11,4.6,11,4.3,3.8,味道非常棒，服务态度也很好，下次还会再来！
R000774,2024-04-11,4.4,15,3.4,4.3,环境不错，菜品精致，服务员很有耐心。
R001000,2024-04-11,4.5,17,3.7,4.6,美食与服务兼具，值得推荐给大家！
R001282,2024-04-11,4.5,9,2.4,2.9,慕名而来，果然名不虚传，味道和服务都很好。
R000210,2024-04-12,5.0,7,4.1,4.0,菜品口味极佳，服务员很热情，整体体验很棒。
R000478,2024-04-12,3.7,22,2.3,3.6,味道中规中矩，服务态度一般般。
R000745,2024-04-12,3.6,27,3.0,4.2,整体感觉一般，可能不会特意再来。
R001333,2024-04-12,4.1,27,3.5,2.6,强烈推荐这家餐厅，味道好，服务一流！
R000354,2024-04-14,3.8,22,3.1,3.4,菜品和服务都属于一般水平，不难吃也不惊艳。
R000408,2024-04-14,4.4,5,3.2,2.6,今天用餐很愉快，菜品美味，服务周到。
R001097,2024-04-14,5.0,10,3.5,3.7,朋友推荐来的，果然没失望，味道和服务都满分！
R000674,2024-04-15,3.7,16,3.4,2.6,味道中规中矩，服务态度一般般。
R001447,2024-04-15,3.8,15,2.5,2.8,菜品和服务都还过得去，性价比一般。
R000967,2024-04-16,3.6,8,3.0,3.3,整体感觉一般，可能不会特意再来。
R001450,2024-04-16,4.4,3,4.0,2.5,特别喜欢他们家的菜，每次来都很满意。
R000079,2024-04-17,3.9,9,3.4,3.1,整体感觉一般，可能不会特意再来。
R000406,2024-04-17,4.8,18,2.3,4.3,服务员很专业，菜品也很美味，点赞！
R000450,2024-04-17,3.3,14,2.4,3.2,味道中规中矩，服务态度一般般。
R000562,2024-04-17,5.0,13,3.5,4.6,今天点的菜都很好吃，服务员也很贴心。
R000108,2024-04-18,3.4,27,3.6,3.8,勉强及格吧，各方面都很普通。
R000111,2024-04-18,2.9,12,1.5,2.5,味道还可以，服务一般，整体中规中矩吧。
R000207,2024-04-18,4.1,20,3.1,4.5,味道非常棒，服务态度也很好，下次还会再来！
R000724,2024-04-18,3.9,13,2.7,3.2,菜品和服务都属于一般水平，不难吃也不惊艳。
R000836,2024-04-18,3.7,19,3.1,3.2,整体感觉一般，可能不会特意再来。
R000969,2024-04-18,3.8,20,4.2,3.2,整体感觉一般，可能不会特意再来。
R001437,2024-04-18,3.8,10,3.6,4.0,普通的一餐，没有特别惊喜的地方。
R000246,2024-04-19,3.8,16,3.4,3.1,菜品口味还行，服务态度马马虎虎。
R000298,2024-04-19,4.2,8,2.9,2.4,慕名而来，果然名不虚传，味道和服务都很好。
R000374,2024-04-19,4.9,21,4.6,4.0,菜品色香味俱全，服务员态度超好。
R000572,2024-04-19,4.2,24,4.6,3.9,菜品色香味俱全，服务员态度超好。
R000665,2024-04-19,2.7,27,3.4,3.5,普通的一餐，没有特别惊喜的地方。
R000039,2024-04-20,3.6,5,2.0,2.6,味道中规中矩，服务态度一般般。
R000893,2024-04-20,5.0,3,3.4,4.0,菜品口味极佳，服务员很热情，整体体验很棒。
R001452,2024-04-20,4.9,21,3.7,4.0,今天用餐很愉快，菜品美味，服务周到。
R000017,2024-04-21,3.4,27,1.9,2.7,勉强及格吧，各方面都很普通。
R000316,2024-04-21,4.6,7,3.4,3.3,朋友推荐来的，果然没失望，味道和服务都满分！
R000755,2024-04-21,3.1,4,2.3,2.5,味道过得去，服务也还行，价格稍贵。
R001418,2024-04-21,3.7,20,2.4,2.4,菜品和服务都属于一般水平，不难吃也不惊艳。
R000028,2024-04-22,3.4,27,3.6,4.0,菜品和服务都还过得去，性价比一般。
R000098,2024-04-22,3.6,31,3.6,4.3,菜品和服务都还过得去，性价比一般。
R000129,2024-04-22,3.8,15,3.3,4.1,普通的一餐，没有特别惊喜的地方。
R000230,2024-04-22,3.8,29,3.6,3.7,菜品口味还行，服务态度马马虎虎。
R000613,2024-04-22,3.9,15,3.3,3.5,味道还可以，服务一般，整体中规中矩吧。
R000691,2024-04-22,4.3,3,3.3,2.8,菜品口味极佳，服务员很热情，整体体验很棒。
R000693,2024-04-22,2.4,31,3.2,3.2,各方面都需要改进，目前水平太差。
R001308,2024-04-22,4.7,8,3.6,3.2,强烈推荐这家餐厅，味道好，服务一流！
R000477,2024-04-23,4.5,23,4.0,4.5,今天用餐很愉快，菜品美味，服务周到。
R000863,2024-04-23,5.0,3,3.9,4.0,很满意的一次用餐体验，味道赞，服务棒。
R001379,2024-04-23,3.6,17,3.0,2.6,菜品和服务都还过得去，性价比一般。
R001490,2024-04-23,4.5,34,3.9,3.8,味道非常棒，服务态度也很好，下次还会再来！
R000006,2024-04-24,4.2,11,2.4,3.5,很满意的一次用餐体验，味道赞，服务棒。
R000483,2024-04-24,2.7,9,2.1,2.8,整体感觉一般，可能不会特意再来。
R000738,2024-04-24,5.0,7,3.7,4.6,口味正宗，服务热情，是我喜欢的餐厅。
R000222,2024-04-25,2.6,12,2.5,2.8,整体感觉一般，可能不会特意再来。
R000588,2024-04-25,3.3,13,2.3,3.3,普通的一餐，没有特别惊喜的地方。
R000953,2024-04-25,2.6,14,3.6,3.8,菜品和服务都还过得去，性价比一般。
R001004,2024-04-25,3.6,10,3.1,2.3,菜品和服务都还过得去，性价比一般。
R001118,2024-04-25,3.8,15,2.2,3.2,普通的餐厅，没有太多特色。
R001349,2024-04-25,2.8,10,2.0,2.2,味道中规中矩，服务态度一般般。
R000066,2024-04-26,5.0,12,4.1,3.7,很满意的一次用餐体验，味道赞，服务棒。
R000482,2024-04-26,3.1,3,1.4,3.5,普通的餐厅，没有太多特色。
R000903,2024-04-26,4.3,10,4.1,3.7,服务员很专业，菜品也很美味，点赞！
R001221,2024-04-26,2.8,30,1.3,2.6,味道中规中矩，服务态度一般般。
R000102,2024-04-27,3.3,25,3.4,3.8,勉强及格吧，各方面都很普通。
R000228,2024-04-27,3.0,21,3.2,2.6,菜品口味还行，服务态度马马虎虎。
R000236,2024-04-27,5.0,3,3.6,4.3,菜品口味极佳，服务员很热情，整体体验很棒。
R001037,2024-04-27,2.3,22,2.8,2.2,踩雷了，这家店的味道和服务都不行。
R001305,2024-04-27,4.6,14,2.8,4.4,口味正宗，服务热情，是我喜欢的餐厅。
R000660,2024-04-28,3.8,19,4.2,2.7,菜品和服务都属于一般水平，不难吃也不惊艳。
R000884,2024-04-28,4.8,14,3.3,4.9,菜品口味极佳，服务员很热情，整体体验很棒。
R000987,2024-04-28,4.7,11,4.2,4.1,服务员很专业，菜品也很美味，点赞！
R001258,2024-04-28,4.8,8,4.1,3.4,菜品口味极佳，服务员很热情，整体体验很棒。
R000018,2024-04-29,4.1,20,2.0,3.8,菜品色香味俱全，服务员态度超好。
R000069,2024-04-29,5.0,3,3.5,4.4,今天用餐很愉快，菜品美味，服务周到。
R000995,2024-04-29,3.4,4,1.6,3.2,味道中规中矩，服务态度一般般。
R001170,2024-04-29,4.5,20,3.3,4.6,很满意的一次用餐体验，味道赞，服务棒。
R001372,2024-04-29,4.9,18,3.6,4.1,强烈推荐这家餐厅，味道好，服务一流！
R001453,2024-04-29,3.8,18,3.9,3.1,菜品和服务都属于一般水平，不难吃也不惊艳。
R000337,2024-04-30,3.9,5,2.1,2.7,普通的一餐，没有特别惊喜的地方。
R000585,2024-04-30,4.8,10,3.3,4.1,很满意的一次用餐体验，味道赞，服务棒。
R000652,2024-04-30,4.3,28,4.1,3.4,慕名而来，果然名不虚传，味道和服务都很好。
R001217,2024-04-30,3.1,20,3.8,3.3,味道过得去，服务也还行，价格稍贵。
R001396,2024-04-30,2.4,45,2.6,4.1,菜品口味一般，没有想象中好吃。
R001421,2024-04-30,4.5,9,4.2,4.4,朋友推荐来的，果然没失望，味道和服务都满分！
R000242,2024-05-01,3.7,13,4.6,3.6,味道过得去，服务也还行，价格稍贵。
R000293,2024-05-01,3.8,13,3.5,3.0,普通的餐厅，没有太多特色。
R000460,2024-05-01,3.0,16,1.9,3.1,普通的餐厅，没有太多特色。
R001286,2024-05-01,2.7,12,2.6,3.1,普通的餐厅，没有太多特色。
R001470,2024-05-01,4.5,17,3.6,3.3,今天用餐很愉快，菜品美味，服务周到。
R000188,2024-05-02,4.3,16,3.6,2.8,环境不错，菜品精致，服务员很有耐心。
R000357,2024-05-02,4.2,26,3.2,3.9,慕名而来，果然名不虚传，味道和服务都很好。
R000646,2024-05-02,3.9,26,2.5,3.3,菜品和服务都属于一般水平，不难吃也不惊艳。
R000749,2024-05-02,3.4,13,3.6,3.6,菜品和服务都属于一般水平，不难吃也不惊艳。
R000974,2024-05-02,4.3,3,2.9,2.8,特别喜欢他们家的菜，每次来都很满意。
R001109,2024-05-02,2.5,22,2.8,3.6,整体感觉一般，可能不会特意再来。
R001167,2024-05-02,5.0,21,3.8,4.4,强烈推荐这家餐厅，味道好，服务一流！
R000190,2024-05-03,3.3,12,3.3,2.4,整体感觉一般，可能不会特意再来。
R000849,2024-05-03,4.0,20,2.8,1.9,特别喜欢他们家的菜，每次来都很满意。
R000853,2024-05-03,3.3,20,3.5,3.2,菜品和服务都还过得去，性价比一般。
R001254,2024-05-03,4.7,13,2.9,2.8,菜品色香味俱全，服务员态度超好。
R000252,2024-05-04,4.4,20,3.9,3.7,服务员很专业，菜品也很美味，点赞！
R000606,2024-05-04,4.0,28,3.5,4.1,味道还可以，服务一般，整体中规中矩吧。
R000779,2024-05-04,4.0,20,2.1,2.9,味道中规中矩，服务态度一般般。
R000824,2024-05-04,3.4,28,3.1,3.4,菜品和服务都属于一般水平，不难吃也不惊艳。
R000866,2024-05-04,3.5,27,2.6,2.3,普通的餐厅，没有太多特色。
R001132,2024-05-04,4.2,18,3.4,4.1,美食与服务兼具，值得推荐给大家！
R001444,2024-05-04,3.3,13,2.8,1.9,整体感觉一般，可能不会特意再来。
R000005,2024-05-05,3.8,13,3.3,3.2,普通的餐厅，没有太多特色。
R000090,2024-05-05,4.4,15,3.6,3.0,美食与服务兼具，值得推荐给大家！
R000380,2024-05-05,3.7,8,2.4,3.6,菜品和服务都还过得去，性价比一般。
R000593,2024-05-05,4.7,19,4.6,2.8,慕名而来，果然名不虚传，味道和服务都很好。
R000820,2024-05-05,5.0,6,3.2,4.2,今天点的菜都很好吃，服务员也很贴心。
R001241,2024-05-05,3.8,18,2.1,3.4,勉强及格吧，各方面都很普通。
R000120,2024-05-06,4.1,24,4.4,3.7,朋友推荐来的，果然没失望，味道和服务都满分！
R000221,2024-05-06,5.0,19,3.4,4.6,味道非常棒，服务态度也很好，下次还会再来！
R000341,2024-05-06,3.1,13,3.1,2.5,味道中规中矩，服务态度一般般。
R000640,2024-05-06,3.4,3,2.7,2.4,整体感觉一般，可能不会特意再来。
R000744,2024-05-06,4.1,3,3.3,3.8,菜品色香味俱全，服务员态度超好。
R000273,2024-05-07,5.0,10,4.3,4.3,口味正宗，服务热情，是我喜欢的餐厅。
R000283,2024-05-07,5.0,3,2.8,3.0,口味正宗，服务热情，是我喜欢的餐厅。
R000452,2024-05-07,4.7,25,3.1,4.6,慕名而来，果然名不虚传，味道和服务都很好。
R000469,2024-05-07,3.8,13,2.7,3.0,菜品口味还行，服务态度马马虎虎。
R000620,2024-05-07,4.2,13,3.8,4.0,今天点的菜都很好吃，服务员也很贴心。
R000946,2024-05-07,3.4,17,3.1,2.8,菜品和服务都还过得去，性价比一般。
R000148,2024-05-08,2.6,22,2.1,2.7,味道还可以，服务一般，整体中规中矩吧。
R000414,2024-05-08,4.9,19,3.5,4.1,慕名而来，果然名不虚传，味道和服务都很好。
R000883,2024-05-08,3.3,17,2.0,2.6,菜品和服务都还过得去，性价比一般。
R001034,2024-05-08,4.5,7,2.1,3.8,今天用餐很愉快，菜品美味，服务周到。
R001279,2024-05-08,4.2,14,3.3,3.5,强烈推荐这家餐厅，味道好，服务一流！
R001312,2024-05-08,4.7,9,2.8,4.7,菜品口味极佳，服务员很热情，整体体验很棒。
R001462,2024-05-08,3.2,10,3.4,4.1,普通的一餐，没有特别惊喜的地方。
R000731,2024-05-09,4.9,9,3.7,4.6,很满意的一次用餐体验，味道赞，服务棒。
R000930,2024-05-09,3.7,12,3.2,2.3,普通的餐厅，没有太多特色。
R001078,2024-05-09,4.0,22,2.0,3.3,菜品和服务都还过得去，性价比一般。
R000518,2024-05-10,3.7,3,2.9,4.2,普通的一餐，没有特别惊喜的地方。
R001261,2024-05-10,4.8,20,4.0,3.7,美食与服务兼具，值得推荐给大家！
R001263,2024-05-10,4.3,22,3.9,3.1,强烈推荐这家餐厅，味道好，服务一流！
R000758,2024-05-11,4.5,11,4.3,3.0,他们家的菜真的很合我口味，服务也到位。
R001341,2024-05-11,3.9,17,3.8,3.7,味道还可以，服务一般，整体中规中矩吧。
R000639,2024-05-12,3.2,5,2.4,2.4,味道中规中矩，服务态度一般般。
R000838,2024-05-12,2.7,15,2.8,2.4,勉强及格吧，各方面都很普通。
R000353,2024-05-13,4.7,5,3.9,4.1,特别喜欢他们家的菜，每次来都很满意。
R000501,2024-05-13,5.0,9,4.3,3.6,今天用餐很愉快，菜品美味，服务周到。
R000721,2024-05-13,4.5,12,3.9,4.6,服务员很专业，菜品也很美味，点赞！
R000123,2024-05-14,4.5,22,4.1,3.5,今天用餐很愉快，菜品美味，服务周到。
R000164,2024-05-14,3.1,10,2.4,2.7,味道过得去，服务也还行，价格稍贵。
R000425,2024-05-14,3.7,31,2.7,4.0,味道过得去，服务也还行，价格稍贵。
R001365,2024-05-14,5.0,18,3.6,3.6,菜品口味极佳，服务员很热情，整体体验很棒。
R000048,2024-05-15,5.0,17,3.6,3.9,很满意的一次用餐体验，味道赞，服务棒。
R000118,2024-05-15,3.1,8,2.2,1.1,菜品和服务都属于一般水平，不难吃也不惊艳。
R000203,2024-05-15,5.0,20,3.9,4.3,菜品口味极佳，服务员很热情，整体体验很棒。
R000305,2024-05-15,3.9,3,3.7,3.2,味道中规中矩，服务态度一般般。
R000358,2024-05-15,3.4,12,2.0,3.8,普通的一餐，没有特别惊喜的地方。
R000376,2024-05-15,3.3,26,2.3,2.4,整体感觉一般，可能不会特意再来。
R000398,2024-05-15,4.1,27,4.6,3.3,慕名而来，果然名不虚传，味道和服务都很好。
R000411,2024-05-15,4.2,28,3.3,3.4,今天用餐很愉快，菜品美味，服务周到。
R000504,2024-05-15,4.2,12,3.5,3.5,服务员很专业，菜品也很美味，点赞！
R000970,2024-05-15,3.2,13,3.0,2.8,普通的一餐，没有特别惊喜的地方。
R000996,2024-05-15,3.4,21,3.1,2.5,勉强及格吧，各方面都很普通。
R001199,2024-05-15,4.6,19,1.8,3.4,今天用餐很愉快，菜品美味，服务周到。
R001358,2024-05-15,4.3,13,3.3,3.3,特别喜欢他们家的菜，每次来都很满意。
R001475,2024-05-15,3.1,22,3.2,3.3,整体感觉一般，可能不会特意再来。
R000081,2024-05-16,4.2,16,3.7,3.4,慕名而来，果然名不虚传，味道和服务都很好。
R000155,2024-05-16,4.4,17,2.8,4.0,菜品口味极佳，服务员很热情，整体体验很棒。
R000470,2024-05-16,3.0,24,2.8,4.0,菜品和服务都属于一般水平，不难吃也不惊艳。
R001007,2024-05-16,4.3,38,2.3,3.2,很满意的一次用餐体验，味道赞，服务棒。
R001098,2024-05-16,2.3,16,1.8,2.3,性价比很低，不值得来。
R001146,2024-05-16,4.4,8,1.9,2.4,很满意的一次用餐体验，味道赞，服务棒。
R000106,2024-05-17,5.0,7,3.6,3.4,他们家的菜真的很合我口味，服务也到位。
R000818,2024-05-17,4.5,10,3.6,3.7,强烈推荐这家餐厅，味道好，服务一流！
R001043,2024-05-17,5.0,13,3.0,4.7,味道非常棒，服务态度也很好，下次还会再来！
R000094,2024-05-18,3.2,22,3.2,1.9,普通的餐厅，没有太多特色。
R000811,2024-05-18,4.1,12,2.6,3.1,朋友推荐来的，果然没失望，味道和服务都满分！
R000881,2024-05-18,5.0,7,4.1,3.6,朋友推荐来的，果然没失望，味道和服务都满分！
R000403,2024-05-19,3.5,24,3.3,2.8,菜品和服务都还过得去，性价比一般。
R000653,2024-05-19,3.6,15,3.3,3.6,普通的一餐，没有特别惊喜的地方。
R000694,2024-05-19,5.0,4,4.1,3.3,朋友推荐来的，果然没失望，味道和服务都满分！
R001023,2024-05-19,3.7,17,2.3,3.8,勉强及格吧，各方面都很普通。
R001128,2024-05-19,3.4,20,3.7,3.6,普通的一餐，没有特别惊喜的地方。
R001339,2024-05-19,3.0,32,2.0,2.5,菜品口味还行，服务态度马马虎虎。
R000004,2024-05-20,4.9,14,4.8,4.2,菜品口味极佳，服务员很热情，整体体验很棒。
R000647,2024-05-20,2.5,3,1.8,2.0,整体体验很差，味道和服务都不行。
R000911,2024-05-20,2.9,21,2.3,2.9,普通的餐厅，没有太多特色。
R001297,2024-05-20,4.3,19,3.2,5.0,今天点的菜都很好吃，服务员也很贴心。
R000419,2024-05-21,5.0,13,3.2,4.8,今天用餐很愉快，菜品美味，服务周到。
R000642,2024-05-21,5.0,15,3.8,4.3,口味正宗，服务热情，是我喜欢的餐厅。
R000843,2024-05-21,3.5,18,3.1,1.8,勉强及格吧，各方面都很普通。
R000895,2024-05-21,4.8,14,3.7,3.2,环境不错，菜品精致，服务员很有耐心。
R001142,2024-05-21,5.0,13,4.7,3.7,味道非常棒，服务态度也很好，下次还会再来！
R001431,2024-05-21,4.0,21,2.5,3.0,特别喜欢他们家的菜，每次来都很满意。
R001458,2024-05-21,4.6,13,2.7,3.9,强烈推荐这家餐厅，味道好，服务一流！
R000031,2024-05-22,3.0,16,1.6,3.2,菜品口味还行，服务态度马马虎虎。
R000037,2024-05-22,4.3,19,3.1,3.6,很满意的一次用餐体验，味道赞，服务棒。
R000072,2024-05-22,5.0,4,4.8,3.8,美食与服务兼具，值得推荐给大家！
R000243,2024-05-22,4.8,15,2.6,3.6,朋友推荐来的，果然没失望，味道和服务都满分！
R000281,2024-05-22,4.6,3,2.8,3.6,菜品口味极佳，服务员很热情，整体体验很棒。
R000489,2024-05-22,5.0,9,3.4,4.1,朋友推荐来的，果然没失望，味道和服务都满分！
R000491,2024-05-22,3.8,21,3.0,2.1,味道中规中矩，服务态度一般般。
R000729,2024-05-22,3.7,3,2.3,3.5,勉强及格吧，各方面都很普通。
R000822,2024-05-22,5.0,21,4.0,3.3,今天用餐很愉快，菜品美味，服务周到。
R001051,2024-05-22,4.3,3,2.5,2.5,今天用餐很愉快，菜品美味，服务周到。
R000840,2024-05-23,4.0,9,2.9,3.8,味道还可以，服务一般，整体中规中矩吧。
R001414,2024-05-23,4.9,21,2.7,4.2,强烈推荐这家餐厅，味道好，服务一流！
R000404,2024-05-24,4.1,17,3.2,3.2,味道非常棒，服务态度也很好，下次还会再来！
R000899,2024-05-24,4.9,16,4.1,2.8,强烈推荐这家餐厅，味道好，服务一流！
R000990,2024-05-24,4.5,3,2.8,3.2,朋友推荐来的，果然没失望，味道和服务都满分！
R001148,2024-05-24,2.5,3,2.3,3.6,菜品口味还行，服务态度马马虎虎。
R000382,2024-05-25,2.6,27,3.5,3.9,味道中规中矩，服务态度一般般。
R000578,2024-05-25,4.0,24,3.3,4.4,菜品口味还行，服务态度马马虎虎。
R000923,2024-05-25,4.3,13,3.1,4.0,朋友推荐来的，果然没失望，味道和服务都满分！
R000307,2024-05-26,4.7,17,4.2,3.6,美食与服务兼具，值得推荐给大家！
R000561,2024-05-26,3.9,21,3.5,3.4,菜品口味还行，服务态度马马虎虎。
R000651,2024-05-26,5.0,13,4.1,5.0,美食与服务兼具，值得推荐给大家！
R001304,2024-05-26,3.9,6,3.1,4.1,菜品和服务都还过得去，性价比一般。
R000988,2024-05-27,5.0,14,3.4,4.1,今天点的菜都很好吃，服务员也很贴心。
R001015,2024-05-27,5.0,13,3.9,4.7,菜品色香味俱全，服务员态度超好。
R001070,2024-05-27,3.7,13,3.9,3.0,菜品和服务都还过得去，性价比一般。
R001101,2024-05-27,5.0,3,3.0,3.8,服务员很专业，菜品也很美味，点赞！
R001220,2024-05-27,4.5,15,3.0,2.9,慕名而来，果然名不虚传，味道和服务都很好。
R001267,2024-05-27,4.2,14,3.3,3.7,口味正宗，服务热情，是我喜欢的餐厅。
R000067,2024-05-28,3.7,15,4.0,3.9,整体感觉一般，可能不会特意再来。
R000915,2024-05-29,3.9,23,2.4,2.9,味道还可以，服务一般，整体中规中矩吧。
R000985,2024-05-29,3.8,10,3.3,2.0,普通的一餐，没有特别惊喜的地方。
R001125,2024-05-29,5.0,18,4.1,5.0,环境不错，菜品精致，服务员很有耐心。
R000056,2024-05-30,5.0,17,3.3,3.7,菜品色香味俱全，服务员态度超好。
R000159,2024-05-30,3.4,6,3.2,3.0,普通的餐厅，没有太多特色。
R000862,2024-05-30,3.8,4,2.0,2.7,菜品口味还行，服务态度马马虎虎。
R001236,2024-05-30,5.0,10,3.3,3.8,强烈推荐这家餐厅，味道好，服务一流！
R000315,2024-05-31,5.0,12,3.7,4.2,强烈推荐这家餐厅，味道好，服务一流！
R000545,2024-05-31,2.3,8,2.5,2.7,踩雷了，这家店的味道和服务都不行。
R000902,2024-05-31,3.7,16,2.9,3.0,整体感觉一般，可能不会特意再来。
R001291,2024-05-31,3.3,19,3.7,2.6,勉强及格吧，各方面都很普通。
R001293,2024-05-31,4.0,11,2.5,3.6,味道还可以，服务一般，整体中规中矩吧。
R001329,2024-05-31,2.3,22,3.4,2.9,服务员很不专业，体验很差。
R001343,2024-05-31,4.2,26,4.4,2.7,服务员很专业，菜品也很美味，点赞！
R000170,2024-06-01,3.4,19,2.6,3.1,菜品口味还行，服务态度马马虎虎。
R000685,2024-06-01,3.5,3,2.8,3.4,勉强及格吧，各方面都很普通。
R000958,2024-06-01,4.9,16,3.3,3.5,美食与服务兼具，值得推荐给大家！
R001149,2024-06-01,5.0,15,3.6,4.9,菜品色香味俱全，服务员态度超好。
R000363,2024-06-02,3.5,21,2.2,2.9,普通的一餐，没有特别惊喜的地方。
R000394,2024-06-02,4.8,14,3.9,3.9,今天用餐很愉快，菜品美味，服务周到。
R000537,2024-06-02,2.9,18,3.1,4.3,菜品口味还行，服务态度马马虎虎。
R001231,2024-06-02,2.9,24,2.1,3.0,整体感觉一般，可能不会特意再来。
R001275,2024-06-02,5.0,11,2.9,4.2,今天点的菜都很好吃，服务员也很贴心。
R000387,2024-06-03,4.5,8,3.0,3.1,环境不错，菜品精致，服务员很有耐心。
R000556,2024-06-03,3.5,8,3.0,2.5,味道中规中矩，服务态度一般般。
R000782,2024-06-03,3.2,9,2.3,3.2,菜品口味还行，服务态度马马虎虎。
R000906,2024-06-03,3.7,25,3.1,3.4,味道过得去，服务也还行，价格稍贵。
R001281,2024-06-03,3.6,21,4.3,2.7,勉强及格吧，各方面都很普通。
R001385,2024-06-03,5.0,3,3.3,2.9,朋友推荐来的，果然没失望，味道和服务都满分！
R001495,2024-06-03,5.0,7,4.3,4.5,菜品色香味俱全，服务员态度超好。
R000560,2024-06-04,4.0,16,2.3,2.9,朋友推荐来的，果然没失望，味道和服务都满分！
R000944,2024-06-04,4.0,20,1.9,3.0,味道非常棒，服务态度也很好，下次还会再来！
R001020,2024-06-04,4.6,8,3.4,2.7,他们家的菜真的很合我口味，服务也到位。
R001392,2024-06-04,4.0,3,3.2,3.5,味道中规中矩，服务态度一般般。
R000481,2024-06-05,4.4,7,3.0,2.6,强烈推荐这家餐厅，味道好，服务一流！
R000867,2024-06-05,4.8,10,3.5,4.4,特别喜欢他们家的菜，每次来都很满意。
R000882,2024-06-05,3.9,7,3.0,2.8,菜品和服务都还过得去，性价比一般。
R000961,2024-06-05,4.8,15,3.2,3.7,菜品口味极佳，服务员很热情，整体体验很棒。
R000187,2024-06-06,4.7,11,2.9,3.1,他们家的菜真的很合我口味，服务也到位。
R000446,2024-06-06,4.4,12,3.0,4.3,他们家的菜真的很合我口味，服务也到位。
R001012,2024-06-06,4.0,19,2.6,3.9,味道非常棒，服务态度也很好，下次还会再来！
R000539,2024-06-07,4.7,14,3.7,4.9,服务员很专业，菜品也很美味，点赞！
R000587,2024-06-07,4.3,10,2.6,3.2,朋友推荐来的，果然没失望，味道和服务都满分！
R001322,2024-06-07,4.1,21,3.4,3.8,美食与服务兼具，值得推荐给大家！
R000212,2024-06-08,5.0,14,3.2,4.3,朋友推荐来的，果然没失望，味道和服务都满分！
R000765,2024-06-08,4.1,20,4.0,4.7,美食与服务兼具，值得推荐给大家！
R000769,2024-06-08,4.2,10,3.2,2.3,今天点的菜都很好吃，服务员也很贴心。
R001112,2024-06-08,4.6,5,2.9,4.6,环境不错，菜品精致，服务员很有耐心。
R000321,2024-06-09,4.5,13,3.4,3.4,味道非常棒，服务态度也很好，下次还会再来！
R000356,2024-06-09,3.4,9,2.6,4.3,勉强及格吧，各方面都很普通。
R000510,2024-06-09,3.5,22,2.5,2.9,勉强及格吧，各方面都很普通。
R000534,2024-06-09,3.2,19,1.9,3.1,勉强及格吧，各方面都很普通。
R000104,2024-06-10,3.7,8,3.3,3.8,味道中规中矩，服务态度一般般。
R000110,2024-06-10,3.8,12,2.2,2.9,菜品和服务都还过得去，性价比一般。
R000352,2024-06-10,4.1,29,3.7,5.0,菜品色香味俱全，服务员态度超好。
R000365,2024-06-10,4.6,25,3.2,3.7,朋友推荐来的，果然没失望，味道和服务都满分！
R000887,2024-06-10,4.1,13,2.4,4.5,口味正宗，服务热情，是我喜欢的餐厅。
R001077,2024-06-10,2.6,26,2.1,2.3,整体感觉一般，可能不会特意再来。
R000629,2024-06-11,3.7,20,2.5,3.5,味道还可以，服务一般，整体中规中矩吧。
R001173,2024-06-11,4.0,17,3.0,3.1,普通的一餐，没有特别惊喜的地方。
R001210,2024-06-11,4.9,27,3.3,5.0,很满意的一次用餐体验，味道赞，服务棒。
R000655,2024-06-12,5.0,4,4.0,3.5,环境不错，菜品精致，服务员很有耐心。
R000567,2024-06-13,3.3,3,2.2,2.4,菜品和服务都还过得去，性价比一般。
R001062,2024-06-13,1.9,15,1.7,2.0,整体体验很差，味道和服务都不行。
R001164,2024-06-13,2.6,7,1.4,1.7,菜品口味还行，服务态度马马虎虎。
R000182,2024-06-14,3.3,14,3.0,2.6,味道过得去，服务也还行，价格稍贵。
R000819,2024-06-14,4.3,10,3.0,3.3,菜品色香味俱全，服务员态度超好。
R001032,2024-06-14,2.8,7,1.6,2.1,勉强及格吧，各方面都很普通。
R001079,2024-06-14,5.0,17,3.7,3.2,朋友推荐来的，果然没失望，味道和服务都满分！
R001472,2024-06-14,3.5,14,3.5,3.1,味道过得去，服务也还行，价格稍贵。
R000100,2024-06-15,3.8,9,3.4,4.1,菜品口味还行，服务态度马马虎虎。
R000833,2024-06-15,3.3,3,3.2,3.1,普通的一餐，没有特别惊喜的地方。
R001234,2024-06-15,5.0,7,4.2,3.9,环境不错，菜品精致，服务员很有耐心。
R000542,2024-06-16,2.5,11,3.3,1.8,服务跟不上，上菜慢，服务员也没礼貌。
R000723,2024-06-16,2.8,20,1.6,2.6,菜品口味还行，服务态度马马虎虎。
R000726,2024-06-16,3.8,25,3.4,2.7,菜品和服务都属于一般水平，不难吃也不惊艳。
R001330,2024-06-16,4.5,12,3.3,4.5,慕名而来，果然名不虚传，味道和服务都很好。
R001377,2024-06-16,3.9,7,1.6,2.1,菜品和服务都还过得去，性价比一般。
R000488,2024-06-17,2.6,19,2.9,2.9,菜品和服务都还过得去，性价比一般。
R001066,2024-06-17,3.0,11,2.3,3.3,味道过得去，服务也还行，价格稍贵。
R001206,2024-06-17,3.8,23,2.9,2.2,整体感觉一般，可能不会特意再来。
R001454,2024-06-17,4.8,27,4.0,4.5,特别喜欢他们家的菜，每次来都很满意。
R000239,2024-06-18,3.0,22,2.9,2.3,菜品和服务都属于一般水平，不难吃也不惊艳。
R000498,2024-06-18,4.5,7,3.1,5.0,慕名而来，果然名不虚传，味道和服务都很好。
R000532,2024-06-18,3.1,7,3.2,3.4,味道中规中矩，服务态度一般般。
R000669,2024-06-18,2.1,13,1.6,1.7,性价比很低，不值得来。
R000877,2024-06-18,3.9,12,3.4,4.7,整体感觉一般，可能不会特意再来。
R001186,2024-06-18,4.9,17,3.9,3.0,味道非常棒，服务态度也很好，下次还会再来！
R000422,2024-06-19,4.6,20,3.9,4.2,味道非常棒，服务态度也很好，下次还会再来！
R000466,2024-06-19,4.1,15,2.4,3.2,很满意的一次用餐体验，味道赞，服务棒。
R001061,2024-06-19,5.0,6,4.0,3.1,慕名而来，果然名不虚传，味道和服务都很好。
R001159,2024-06-19,4.5,16,3.4,4.7,强烈推荐这家餐厅，味道好，服务一流！
R001443,2024-06-19,4.0,20,3.6,3.5,味道还可以，服务一般，整体中规中矩吧。
R000583,2024-06-20,4.9,3,4.5,3.8,他们家的菜真的很合我口味，服务也到位。
R000654,2024-06-20,3.2,16,2.2,2.6,菜品和服务都还过得去，性价比一般。
R000040,2024-06-21,4.9,3,3.2,4.0,口味正宗，服务热情，是我喜欢的餐厅。
R000699,2024-06-21,4.6,9,4.2,3.3,今天用餐很愉快，菜品美味，服务周到。
R000727,2024-06-21,3.3,26,3.5,3.2,普通的餐厅，没有太多特色。
R000830,2024-06-21,3.4,21,3.3,2.2,勉强及格吧，各方面都很普通。
R000224,2024-06-22,3.1,19,2.6,2.4,勉强及格吧，各方面都很普通。
R000271,2024-06-22,4.9,15,3.8,4.0,美食与服务兼具，值得推荐给大家！
R001200,2024-06-22,4.2,25,4.2,4.4,慕名而来，果然名不虚传，味道和服务都很好。
R001344,2024-06-22,5.0,5,4.4,2.7,菜品口味极佳，服务员很热情，整体体验很棒。
R000036,2024-06-23,3.5,3,2.7,2.4,菜品和服务都还过得去，性价比一般。
R000157,2024-06-23,4.9,16,3.3,3.8,口味正宗，服务热情，是我喜欢的餐厅。
R000796,2024-06-23,5.0,19,3.6,3.8,他们家的菜真的很合我口味，服务也到位。
R000839,2024-06-23,4.6,15,3.3,3.7,味道非常棒，服务态度也很好，下次还会再来！
R000927,2024-06-23,3.4,19,3.4,3.7,普通的餐厅，没有太多特色。
R001144,2024-06-23,3.8,9,3.4,4.3,味道中规中矩，服务态度一般般。
R000407,2024-06-24,3.6,3,2.9,2.6,勉强及格吧，各方面都很普通。
R000046,2024-06-25,3.2,18,1.8,3.4,味道中规中矩，服务态度一般般。
R000509,2024-06-25,3.5,20,3.5,3.0,普通的餐厅，没有太多特色。
R000874,2024-06-25,3.1,19,2.1,3.0,整体感觉一般，可能不会特意再来。
R001158,2024-06-25,4.5,22,3.7,4.0,菜品色香味俱全，服务员态度超好。
R001273,2024-06-25,3.5,13,1.9,3.3,普通的餐厅，没有太多特色。
R000788,2024-06-26,4.1,12,3.0,4.4,口味正宗，服务热情，是我喜欢的餐厅。
R000378,2024-06-27,4.2,13,2.8,3.7,今天用餐很愉快，菜品美味，服务周到。
R001059,2024-06-27,4.9,17,4.0,3.6,服务员很专业，菜品也很美味，点赞！
R000480,2024-06-28,4.9,18,4.5,2.6,服务员很专业，菜品也很美味，点赞！
R000492,2024-06-28,4.5,21,3.8,4.4,菜品口味极佳，服务员很热情，整体体验很棒。
R000737,2024-06-28,4.4,15,3.1,2.7,菜品口味极佳，服务员很热情，整体体验很棒。
R000684,2024-06-29,4.0,25,4.1,3.9,普通的一餐，没有特别惊喜的地方。
R000878,2024-06-29,4.4,4,3.4,2.2,特别喜欢他们家的菜，每次来都很满意。
R001307,2024-06-29,4.4,14,2.9,2.0,菜品色香味俱全，服务员态度超好。
R000078,2024-06-30,3.1,24,3.3,4.3,味道中规中矩，服务态度一般般。
R000260,2024-06-30,4.1,25,4.4,4.2,环境不错，菜品精致，服务员很有耐心。
R000455,2024-06-30,3.3,10,1.4,3.3,勉强及格吧，各方面都很普通。
R000837,2024-06-30,5.0,19,4.5,3.7,慕名而来，果然名不虚传，味道和服务都很好。
R000045,2024-07-02,3.1,10,2.7,2.9,普通的餐厅，没有太多特色。
R000449,2024-07-02,2.6,24,2.7,2.9,菜品和服务都还过得去，性价比一般。
R001237,2024-07-02,5.0,12,4.6,4.3,口味正宗，服务热情，是我喜欢的餐厅。
R001289,2024-07-02,3.5,11,3.3,1.8,整体感觉一般，可能不会特意再来。
R001428,2024-07-02,2.7,16,2.2,3.0,普通的一餐，没有特别惊喜的地方。
R001469,2024-07-02,3.4,3,2.6,3.0,菜品和服务都还过得去，性价比一般。
R000904,2024-07-03,5.0,12,3.4,4.1,美食与服务兼具，值得推荐给大家！
R000059,2024-07-04,4.6,26,2.8,3.2,菜品口味极佳，服务员很热情，整体体验很棒。
R000128,2024-07-04,3.6,25,3.5,2.7,菜品口味还行，服务态度马马虎虎。
R000186,2024-07-04,4.0,24,4.3,4.1,普通的一餐，没有特别惊喜的地方。
R000802,2024-07-04,3.6,7,2.1,3.0,味道还可以，服务一般，整体中规中矩吧。
R001091,2024-07-04,3.4,24,2.6,3.0,菜品和服务都属于一般水平，不难吃也不惊艳。
R001422,2024-07-04,4.7,20,3.3,4.0,美食与服务兼具，值得推荐给大家！
R001484,2024-07-04,3.5,17,3.3,3.4,味道过得去，服务也还行，价格稍贵。
R000075,2024-07-05,2.3,18,1.4,1.7,各方面都需要改进，目前水平太差。
R000447,2024-07-05,3.9,18,3.3,3.1,味道中规中矩，服务态度一般般。
R000528,2024-07-05,3.7,24,4.3,3.2,菜品和服务都属于一般水平，不难吃也不惊艳。
R001326,2024-07-05,2.1,28,2.6,1.4,各方面都需要改进，目前水平太差。
R001336,2024-07-06,3.9,12,2.7,3.0,味道还可以，服务一般，整体中规中矩吧。
R001354,2024-07-06,4.9,16,2.8,3.2,服务员很专业，菜品也很美味，点赞！
R000759,2024-07-07,4.4,3,2.9,2.0,今天用餐很愉快，菜品美味，服务周到。
R000870,2024-07-07,4.2,24,4.4,5.0,强烈推荐这家餐厅，味道好，服务一流！
R001362,2024-07-07,4.5,18,3.1,4.4,今天用餐很愉快，菜品美味，服务周到。
R001425,2024-07-07,2.6,15,2.2,1.8,味道过得去，服务也还行，价格稍贵。
R000077,2024-07-08,4.2,3,3.6,2.7,菜品口味极佳，服务员很热情，整体体验很棒。
R000381,2024-07-08,3.7,22,3.8,3.6,菜品口味还行，服务态度马马虎虎。
R000439,2024-07-08,2.5,23,1.6,3.2,味道有点奇怪，可能不会再来了。
R000792,2024-07-08,3.7,22,3.1,3.8,菜品和服务都还过得去，性价比一般。
R001401,2024-07-08,3.0,14,2.9,2.9,普通的餐厅，没有太多特色。
R001417,2024-07-08,4.4,13,3.4,3.9,今天点的菜都很好吃，服务员也很贴心。
R001369,2024-07-09,3.1,19,2.6,2.8,菜品和服务都还过得去，性价比一般。
R000176,2024-07-10,4.7,12,3.3,3.2,味道非常棒，服务态度也很好，下次还会再来！
R000216,2024-07-10,4.2,14,4.5,3.7,特别喜欢他们家的菜，每次来都很满意。
R001238,2024-07-10,3.6,17,2.7,4.0,菜品和服务都属于一般水平，不难吃也不惊艳。
R000772,2024-07-11,3.7,11,2.6,4.7,菜品口味还行，服务态度马马虎虎。
R000053,2024-07-12,3.7,7,2.7,3.6,菜品和服务都属于一般水平，不难吃也不惊艳。
R001162,2024-07-12,5.0,7,4.1,3.4,环境不错，菜品精致，服务员很有耐心。
R000043,2024-07-13,4.0,28,2.8,2.3,特别喜欢他们家的菜，每次来都很满意。
R000071,2024-07-13,4.2,21,2.8,3.2,味道非常棒，服务态度也很好，下次还会再来！
R000093,2024-07-13,3.3,18,2.8,3.4,普通的一餐，没有特别惊喜的地方。
R000302,2024-07-13,3.2,14,2.4,3.1,勉强及格吧，各方面都很普通。
R000551,2024-07-13,3.8,21,3.0,3.9,味道还可以，服务一般，整体中规中矩吧。
R000681,2024-07-13,4.6,13,3.0,3.9,今天点的菜都很好吃，服务员也很贴心。
R000722,2024-07-13,3.2,9,3.1,2.6,菜品和服务都还过得去，性价比一般。
R000728,2024-07-13,4.4,10,3.9,3.8,强烈推荐这家餐厅，味道好，服务一流！
R000829,2024-07-13,3.4,20,3.6,3.5,普通的一餐，没有特别惊喜的地方。
R000955,2024-07-13,3.4,20,2.9,3.9,菜品和服务都还过得去，性价比一般。
R001209,2024-07-13,2.6,12,2.0,2.3,菜品和服务都属于一般水平，不难吃也不惊艳。
R000144,2024-07-14,4.2,18,3.0,4.3,他们家的菜真的很合我口味，服务也到位。
R000474,2024-07-14,4.2,16,3.4,2.7,口味正宗，服务热情，是我喜欢的餐厅。
R001176,2024-07-14,4.4,3,3.3,3.3,慕名而来，果然名不虚传，味道和服务都很好。
R001251,2024-07-14,3.8,29,3.9,3.5,菜品和服务都属于一般水平，不难吃也不惊艳。
R001287,2024-07-14,3.1,8,1.9,2.5,菜品和服务都还过得去，性价比一般。
R001367,2024-07-14,4.8,8,2.9,3.0,今天点的菜都很好吃，服务员也很贴心。
R000603,2024-07-15,5.0,8,4.7,4.0,很满意的一次用餐体验，味道赞，服务棒。
R000661,2024-07-15,4.2,6,2.7,3.3,环境不错，菜品精致，服务员很有耐心。
R001136,2024-07-15,4.6,23,3.5,4.3,菜品色香味俱全，服务员态度超好。
R001169,2024-07-15,4.6,19,4.0,2.6,很满意的一次用餐体验，味道赞，服务棒。
R001283,2024-07-15,5.0,5,4.2,4.0,他们家的菜真的很合我口味，服务也到位。
R000143,2024-07-16,2.7,14,2.3,2.5,整体感觉一般，可能不会特意再来。
R000515,2024-07-16,3.3,21,3.1,3.2,菜品和服务都属于一般水平，不难吃也不惊艳。
R001177,2024-07-16,2.9,17,2.2,2.7,普通的一餐，没有特别惊喜的地方。
R001399,2024-07-17,5.0,12,4.4,4.0,美食与服务兼具，值得推荐给大家！
R000304,2024-07-18,5.0,3,3.0,3.3,今天点的菜都很好吃，服务员也很贴心。
R000676,2024-07-18,3.0,31,2.8,4.1,味道还可以，服务一般，整体中规中矩吧。
R000686,2024-07-18,4.1,27,3.2,2.6,菜品色香味俱全，服务员态度超好。
R000698,2024-07-18,3.3,15,2.7,2.6,勉强及格吧，各方面都很普通。
R000709,2024-07-20,2.9,12,2.2,1.8,味道中规中矩，服务态度一般般。
R000114,2024-07-21,4.8,14,3.3,3.7,味道非常棒，服务态度也很好，下次还会再来！
R000359,2024-07-21,3.6,17,3.6,3.6,整体感觉一般，可能不会特意再来。
R001296,2024-07-21,4.1,8,2.4,3.3,服务员很专业，菜品也很美味，点赞！
R001356,2024-07-21,2.4,10,2.1,1.1,性价比很低，不值得来。
R000773,2024-07-22,4.1,9,3.2,3.0,菜品口味极佳，服务员很热情，整体体验很棒。
R001203,2024-07-22,3.7,31,2.8,3.5,菜品和服务都属于一般水平，不难吃也不惊艳。
R001352,2024-07-22,2.4,21,2.2,2.3,性价比很低，不值得来。
R001430,2024-07-22,3.0,22,2.8,3.5,味道过得去，服务也还行，价格稍贵。
R000127,2024-07-23,3.7,11,1.7,2.5,味道中规中矩，服务态度一般般。
R000213,2024-07-23,5.0,3,4.6,4.1,美食与服务兼具，值得推荐给大家！
R000487,2024-07-23,3.2,20,3.6,3.0,味道中规中矩，服务态度一般般。
R000495,2024-07-23,4.6,17,4.2,3.6,味道非常棒，服务态度也很好，下次还会再来！
R000605,2024-07-23,4.7,5,3.8,3.8,口味正宗，服务热情，是我喜欢的餐厅。
R000105,2024-07-24,3.8,11,2.7,2.7,菜品和服务都还过得去，性价比一般。
R000299,2024-07-24,4.2,23,3.1,2.6,环境不错，菜品精致，服务员很有耐心。
R000934,2024-07-24,2.3,13,2.3,2.1,整体体验很差，味道和服务都不行。
R001072,2024-07-24,4.6,3,3.1,3.3,朋友推荐来的，果然没失望，味道和服务都满分！
R000270,2024-07-25,4.1,19,3.6,3.9,他们家的菜真的很合我口味，服务也到位。
R000338,2024-07-25,3.6,15,2.9,2.8,整体感觉一般，可能不会特意再来。
R000543,2024-07-25,4.1,10,3.9,3.6,味道非常棒，服务态度也很好，下次还会再来！
R001022,2024-07-25,2.1,38,2.2,2.7,整体体验很差，味道和服务都不行。
R001081,2024-07-25,3.7,17,3.3,4.4,菜品和服务都属于一般水平，不难吃也不惊艳。
R000557,2024-07-26,3.7,11,3.2,3.6,普通的一餐，没有特别惊喜的地方。
R000702,2024-07-26,4.9,13,4.5,3.6,朋友推荐来的，果然没失望，味道和服务都满分！
R000864,2024-07-26,4.8,23,3.8,3.4,味道非常棒，服务态度也很好，下次还会再来！
R000254,2024-07-27,5.0,3,4.3,3.7,朋友推荐来的，果然没失望，味道和服务都满分！
R000295,2024-07-27,3.9,16,2.8,3.5,味道还可以，服务一般，整体中规中矩吧。
R000457,2024-07-27,4.0,3,3.7,3.2,慕名而来，果然名不虚传，味道和服务都很好。
R000668,2024-07-27,5.0,4,4.2,3.9,朋友推荐来的，果然没失望，味道和服务都满分！
R000850,2024-07-27,3.4,11,2.2,3.2,勉强及格吧，各方面都很普通。
R001116,2024-07-27,4.0,20,3.2,2.0,菜品口味还行，服务态度马马虎虎。
R001413,2024-07-27,4.5,9,2.9,4.4,今天点的菜都很好吃，服务员也很贴心。
R000541,2024-07-28,5.0,9,3.8,4.1,美食与服务兼具，值得推荐给大家！
R000980,2024-07-28,3.8,20,3.1,4.4,整体感觉一般，可能不会特意再来。
R001060,2024-07-28,3.6,22,2.9,3.7,普通的餐厅，没有太多特色。
R001194,2024-07-28,4.6,13,2.2,2.9,口味正宗，服务热情，是我喜欢的餐厅。
R001387,2024-07-28,5.0,10,3.6,3.6,环境不错，菜品精致，服务员很有耐心。
R000262,2024-07-29,4.0,20,3.2,3.8,普通的一餐，没有特别惊喜的地方。
R000467,2024-07-29,4.3,13,3.3,3.1,慕名而来，果然名不虚传，味道和服务都很好。
R001067,2024-07-29,3.2,7,2.6,3.4,菜品和服务都还过得去，性价比一般。
R001171,2024-07-29,4.7,9,2.9,5.0,慕名而来，果然名不虚传，味道和服务都很好。
R001243,2024-07-29,3.3,15,2.6,3.1,味道还可以，服务一般，整体中规中矩吧。
R000463,2024-07-30,3.2,19,2.9,3.0,菜品和服务都还过得去，性价比一般。
R001087,2024-07-30,5.0,4,4.2,3.5,今天点的菜都很好吃，服务员也很贴心。
R000598,2024-07-31,3.4,6,3.2,2.3,普通的餐厅，没有太多特色。
R000667,2024-07-31,3.7,8,3.4,3.0,普通的餐厅，没有太多特色。
R000672,2024-07-31,2.2,14,2.5,1.6,各方面都需要改进，目前水平太差。
R001129,2024-07-31,4.2,11,2.8,2.9,菜品口味极佳，服务员很热情，整体体验很棒。
R001143,2024-07-31,4.2,8,3.3,1.6,菜品口味极佳，服务员很热情，整体体验很棒。
R001331,2024-07-31,5.0,3,4.2,3.9,味道非常棒，服务态度也很好，下次还会再来！
R001408,2024-07-31,5.0,5,3.7,2.3,很满意的一次用餐体验，味道赞，服务棒。
R000949,2024-08-01,4.1,8,3.0,3.6,今天点的菜都很好吃，服务员也很贴心。
R000027,2024-08-02,2.8,30,2.7,2.0,普通的餐厅，没有太多特色。
R000347,2024-08-02,2.3,25,2.2,1.4,各方面都需要改进，目前水平太差。
R000687,2024-08-02,4.1,3,4.3,3.1,他们家的菜真的很合我口味，服务也到位。
R001405,2024-08-02,5.0,3,3.7,3.3,慕名而来，果然名不虚传，味道和服务都很好。
R000549,2024-08-03,4.5,12,2.9,4.3,环境不错，菜品精致，服务员很有耐心。
R000675,2024-08-03,3.4,8,2.4,3.1,菜品和服务都属于一般水平，不难吃也不惊艳。
R000730,2024-08-03,3.6,23,1.6,3.6,菜品和服务都属于一般水平，不难吃也不惊艳。
R000798,2024-08-03,4.6,26,3.7,4.2,特别喜欢他们家的菜，每次来都很满意。
R001478,2024-08-03,4.7,8,3.8,4.0,服务员很专业，菜品也很美味，点赞！
R000013,2024-08-04,4.5,9,2.7,3.2,今天用餐很愉快，菜品美味，服务周到。
R000035,2024-08-04,4.4,11,3.7,4.2,慕名而来，果然名不虚传，味道和服务都很好。
R000140,2024-08-04,3.7,6,2.4,1.1,整体感觉一般，可能不会特意再来。
R000206,2024-08-04,3.8,13,2.3,2.9,味道中规中矩，服务态度一般般。
R000261,2024-08-04,3.2,28,2.6,2.2,味道过得去，服务也还行，价格稍贵。
R000279,2024-08-04,3.9,11,3.3,2.8,普通的一餐，没有特别惊喜的地方。
R000308,2024-08-04,3.6,19,3.0,3.5,菜品和服务都还过得去，性价比一般。
R000418,2024-08-04,4.7,10,3.4,3.2,服务员很专业，菜品也很美味，点赞！
R000612,2024-08-05,4.3,13,3.2,4.9,服务员很专业，菜品也很美味，点赞！
R000875,2024-08-05,3.2,23,2.8,3.6,整体感觉一般，可能不会特意再来。
R001001,2024-08-05,5.0,19,3.5,4.4,朋友推荐来的，果然没失望，味道和服务都满分！
R001277,2024-08-05,4.8,12,3.6,4.3,菜品色香味俱全，服务员态度超好。
R000430,2024-08-06,1.9,30,2.8,2.5,性价比很低，不值得来。
R000633,2024-08-06,3.6,20,3.0,3.6,菜品口味还行，服务态度马马虎虎。
R000125,2024-08-07,4.4,29,3.5,3.9,美食与服务兼具，值得推荐给大家！
R000716,2024-08-07,4.9,17,3.7,4.2,很满意的一次用餐体验，味道赞，服务棒。
R000790,2024-08-07,2.4,26,2.9,3.1,味道有点奇怪，可能不会再来了。
R000960,2024-08-07,4.3,18,3.5,3.5,美食与服务兼具，值得推荐给大家！
R000259,2024-08-08,3.6,27,4.0,3.2,普通的一餐，没有特别惊喜的地方。
R000443,2024-08-08,1.9,17,2.1,2.5,性价比很低，不值得来。
R000529,2024-08-08,4.2,16,2.4,4.3,菜品口味极佳，服务员很热情，整体体验很棒。
R000563,2024-08-08,4.5,18,2.6,3.6,今天点的菜都很好吃，服务员也很贴心。
R001239,2024-08-08,3.7,27,4.2,3.3,整体感觉一般，可能不会特意再来。
R000801,2024-08-09,4.1,23,3.0,3.7,慕名而来，果然名不虚传，味道和服务都很好。
R001031,2024-08-09,3.3,18,3.5,4.1,味道还可以，服务一般，整体中规中矩吧。
R000160,2024-08-10,3.7,24,3.7,3.2,勉强及格吧，各方面都很普通。
R000508,2024-08-10,3.7,8,2.7,3.3,普通的餐厅，没有太多特色。
R000807,2024-08-10,3.7,19,3.3,3.4,普通的一餐，没有特别惊喜的地方。
R001223,2024-08-10,4.8,6,3.6,3.2,今天点的菜都很好吃，服务员也很贴心。
R000511,2024-08-11,5.0,3,4.0,4.5,味道非常棒，服务态度也很好，下次还会再来！
R000521,2024-08-11,2.6,15,2.5,2.6,勉强及格吧，各方面都很普通。
R000695,2024-08-11,4.6,16,4.0,2.6,特别喜欢他们家的菜，每次来都很满意。
R000816,2024-08-11,2.7,18,1.5,2.5,菜品口味还行，服务态度马马虎虎。
R001054,2024-08-11,4.2,18,3.4,3.9,强烈推荐这家餐厅，味道好，服务一流！
R000217,2024-08-12,3.3,17,1.9,4.5,味道中规中矩，服务态度一般般。
R000384,2024-08-12,3.7,10,3.4,3.4,整体感觉一般，可能不会特意再来。
R001016,2024-08-12,4.2,17,3.0,2.6,菜品口味极佳，服务员很热情，整体体验很棒。
R001027,2024-08-12,4.0,18,2.8,4.1,他们家的菜真的很合我口味，服务也到位。
R001102,2024-08-12,1.5,19,1.2,1.9,各方面都需要改进，目前水平太差。
R000648,2024-08-13,4.0,8,3.3,3.2,味道中规中矩，服务态度一般般。
R000926,2024-08-13,2.2,19,2.2,3.1,味道有点奇怪，可能不会再来了。
R001188,2024-08-13,4.9,3,2.7,3.0,美食与服务兼具，值得推荐给大家！
R001323,2024-08-13,3.8,14,3.8,2.7,味道还可以，服务一般，整体中规中矩吧。
R000285,2024-08-14,4.8,15,3.1,5.0,他们家的菜真的很合我口味，服务也到位。
R000427,2024-08-14,3.5,3,2.8,2.7,勉强及格吧，各方面都很普通。
R000569,2024-08-14,2.1,26,2.3,2.5,性价比很低，不值得来。
R000570,2024-08-14,3.8,22,3.5,3.4,普通的餐厅，没有太多特色。
R000630,2024-08-14,4.8,20,3.5,4.0,慕名而来，果然名不虚传，味道和服务都很好。
R000957,2024-08-14,4.5,10,3.3,3.2,慕名而来，果然名不虚传，味道和服务都很好。
R001050,2024-08-14,4.0,31,4.1,4.8,特别喜欢他们家的菜，每次来都很满意。
R001095,2024-08-14,4.5,21,4.2,4.4,很满意的一次用餐体验，味道赞，服务棒。
R001272,2024-08-14,4.8,9,3.3,3.6,今天点的菜都很好吃，服务员也很贴心。
R001228,2024-08-15,3.5,25,3.3,3.2,普通的一餐，没有特别惊喜的地方。
R001419,2024-08-15,5.0,15,3.7,4.4,强烈推荐这家餐厅，味道好，服务一流！
R001420,2024-08-15,3.9,25,2.4,3.0,勉强及格吧，各方面都很普通。
R000635,2024-08-16,3.1,12,2.8,2.0,味道中规中矩，服务态度一般般。
R001155,2024-08-16,5.0,9,4.4,3.5,菜品色香味俱全，服务员态度超好。
R000029,2024-08-17,3.1,11,2.6,3.1,勉强及格吧，各方面都很普通。
R000277,2024-08-17,4.6,10,3.9,3.5,慕名而来，果然名不虚传，味道和服务都很好。
R000859,2024-08-17,3.9,3,2.5,2.1,味道中规中矩，服务态度一般般。
R001483,2024-08-17,4.6,20,3.5,5.0,很满意的一次用餐体验，味道赞，服务棒。
R000638,2024-08-18,3.2,27,3.4,3.9,普通的餐厅，没有太多特色。
R000823,2024-08-18,4.6,18,3.9,4.7,菜品色香味俱全，服务员态度超好。
R000956,2024-08-18,3.9,26,3.5,4.8,菜品和服务都属于一般水平，不难吃也不惊艳。
R000981,2024-08-18,4.4,10,4.3,5.0,他们家的菜真的很合我口味，服务也到位。
R000219,2024-08-19,3.3,20,2.6,3.6,菜品口味还行，服务态度马马虎虎。
R001488,2024-08-19,2.7,15,1.9,2.6,勉强及格吧，各方面都很普通。
R000073,2024-08-20,3.9,17,3.3,3.9,菜品和服务都还过得去，性价比一般。
R000162,2024-08-20,4.9,14,3.9,3.6,特别喜欢他们家的菜，每次来都很满意。
R000306,2024-08-20,4.9,3,3.8,2.5,口味正宗，服务热情，是我喜欢的餐厅。
R000725,2024-08-20,4.2,9,3.0,5.0,他们家的菜真的很合我口味，服务也到位。
R000880,2024-08-20,4.4,17,3.8,3.6,他们家的菜真的很合我口味，服务也到位。
R000992,2024-08-20,2.9,9,1.8,3.0,勉强及格吧，各方面都很普通。
R001075,2024-08-20,4.2,35,3.5,3.3,服务员很专业，菜品也很美味，点赞！
R001361,2024-08-20,4.0,10,3.3,4.1,菜品和服务都还过得去，性价比一般。
R001400,2024-08-20,3.8,17,3.3,3.7,味道还可以，服务一般，整体中规中矩吧。
R001434,2024-08-20,3.0,22,2.6,1.7,味道还可以，服务一般，整体中规中矩吧。
R000597,2024-08-21,3.4,20,2.6,3.8,普通的餐厅，没有太多特色。
R000622,2024-08-21,4.2,21,3.6,3.4,环境不错，菜品精致，服务员很有耐心。
R001133,2024-08-21,5.0,16,4.4,4.1,强烈推荐这家餐厅，味道好，服务一流！
R001163,2024-08-21,2.9,19,2.3,2.7,味道还可以，服务一般，整体中规中矩吧。
R001191,2024-08-21,4.5,6,3.5,3.5,服务员很专业，菜品也很美味，点赞！
R001280,2024-08-21,3.9,18,3.2,3.7,味道过得去，服务也还行，价格稍贵。
R000116,2024-08-22,2.9,40,3.5,3.4,菜品和服务都属于一般水平，不难吃也不惊艳。
R000364,2024-08-22,5.0,3,2.7,2.8,服务员很专业，菜品也很美味，点赞！
R000368,2024-08-22,3.0,24,3.3,3.4,普通的一餐，没有特别惊喜的地方。
R001496,2024-08-22,4.8,15,4.7,4.1,今天点的菜都很好吃，服务员也很贴心。
R000050,2024-08-23,2.0,24,2.8,2.4,各方面都需要改进，目前水平太差。
R000479,2024-08-23,5.0,8,4.5,4.2,菜品口味极佳，服务员很热情，整体体验很棒。
R000804,2024-08-23,4.1,17,3.0,3.5,今天点的菜都很好吃，服务员也很贴心。
R001262,2024-08-23,4.3,8,3.1,3.7,强烈推荐这家餐厅，味道好，服务一流！
R000092,2024-08-24,5.0,3,4.1,4.0,强烈推荐这家餐厅，味道好，服务一流！
R000282,2024-08-24,4.6,14,3.6,3.9,口味正宗，服务热情，是我喜欢的餐厅。
R000718,2024-08-24,4.1,14,4.4,3.2,口味正宗，服务热情，是我喜欢的餐厅。
R001086,2024-08-24,4.0,9,3.3,3.2,菜品和服务都属于一般水平，不难吃也不惊艳。
R001120,2024-08-24,4.6,26,3.3,3.8,很满意的一次用餐体验，味道赞，服务棒。
R001259,2024-08-24,3.7,5,2.8,2.8,菜品和服务都属于一般水平，不难吃也不惊艳。
R000617,2024-08-25,4.5,13,2.8,4.5,今天点的菜都很好吃，服务员也很贴心。
R000624,2024-08-25,5.0,12,3.9,4.0,他们家的菜真的很合我口味，服务也到位。
R000825,2024-08-25,3.9,14,2.6,3.3,勉强及格吧，各方面都很普通。
R001383,2024-08-25,5.0,10,3.6,4.4,强烈推荐这家餐厅，味道好，服务一流！
R000568,2024-08-26,3.2,13,3.2,3.9,味道还可以，服务一般，整体中规中矩吧。
R000671,2024-08-26,4.8,22,4.4,4.2,很满意的一次用餐体验，味道赞，服务棒。
R000756,2024-08-26,4.2,17,2.9,3.3,菜品口味极佳，服务员很热情，整体体验很棒。
R000815,2024-08-26,4.2,20,3.1,3.5,慕名而来，果然名不虚传，味道和服务都很好。
R001266,2024-08-26,2.4,21,2.7,2.5,非常失望的一次用餐，不会再来了。
R000146,2024-08-27,4.4,18,3.9,4.7,美食与服务兼具，值得推荐给大家！
R000263,2024-08-27,1.4,15,1.0,2.2,踩雷了，这家店的味道和服务都不行。
R000704,2024-08-27,2.9,4,2.0,3.2,菜品口味还行，服务态度马马虎虎。
R001018,2024-08-27,3.8,3,3.3,3.5,勉强及格吧，各方面都很普通。
R001346,2024-08-27,2.9,6,2.4,2.4,普通的餐厅，没有太多特色。
R000476,2024-08-28,4.1,11,2.4,2.5,今天点的菜都很好吃，服务员也很贴心。
R000733,2024-08-28,4.9,3,2.4,3.0,强烈推荐这家餐厅，味道好，服务一流！
R000924,2024-08-28,3.3,14,2.0,3.0,味道还可以，服务一般，整体中规中矩吧。
R000984,2024-08-28,4.0,8,2.6,3.4,口味正宗，服务热情，是我喜欢的餐厅。
R001047,2024-08-28,5.0,3,3.9,4.9,味道非常棒，服务态度也很好，下次还会再来！
R001058,2024-08-28,4.9,15,4.1,4.6,美食与服务兼具，值得推荐给大家！
R001198,2024-08-28,4.9,4,2.7,3.2,服务员很专业，菜品也很美味，点赞！
R001131,2024-08-29,4.2,17,3.3,3.1,很满意的一次用餐体验，味道赞，服务棒。
R001373,2024-08-29,3.3,3,1.9,3.0,味道还可以，服务一般，整体中规中矩吧。
R000251,2024-08-30,3.3,3,2.8,3.5,味道过得去，服务也还行，价格稍贵。
R000253,2024-08-30,5.0,9,4.2,3.9,他们家的菜真的很合我口味，服务也到位。
R000574,2024-08-30,3.6,16,3.2,2.4,整体感觉一般，可能不会特意再来。
R000751,2024-08-30,3.6,13,2.4,2.4,普通的一餐，没有特别惊喜的地方。
R000871,2024-08-30,4.1,13,2.4,2.6,朋友推荐来的，果然没失望，味道和服务都满分！
R001174,2024-08-30,4.3,10,2.7,5.0,特别喜欢他们家的菜，每次来都很满意。
R000200,2024-08-31,2.9,16,2.8,2.6,菜品和服务都还过得去，性价比一般。
R000594,2024-08-31,4.5,5,2.6,4.6,菜品色香味俱全，服务员态度超好。
R000637,2024-08-31,4.8,15,3.5,4.1,很满意的一次用餐体验，味道赞，服务棒。
R000855,2024-08-31,4.6,24,3.7,3.7,菜品色香味俱全，服务员态度超好。
R001482,2024-08-31,3.4,25,3.1,4.2,菜品和服务都还过得去，性价比一般。
R000325,2024-09-01,3.0,16,3.2,2.9,整体感觉一般，可能不会特意再来。
R000682,2024-09-01,3.3,12,2.4,2.6,普通的一餐，没有特别惊喜的地方。
R000931,2024-09-01,3.2,19,3.2,2.7,菜品和服务都属于一般水平，不难吃也不惊艳。
R000925,2024-09-02,4.8,3,3.7,3.9,味道非常棒，服务态度也很好，下次还会再来！
R001500,2024-09-02,4.5,13,2.9,3.0,慕名而来，果然名不虚传，味道和服务都很好。
R000297,2024-09-03,4.6,12,4.5,4.1,朋友推荐来的，果然没失望，味道和服务都满分！
R001342,2024-09-03,4.6,3,3.3,2.7,服务员很专业，菜品也很美味，点赞！
R000814,2024-09-04,3.4,18,3.4,3.6,菜品和服务都属于一般水平，不难吃也不惊艳。
R000894,2024-09-04,5.0,9,2.9,4.1,味道非常棒，服务态度也很好，下次还会再来！
R001130,2024-09-04,4.8,11,4.2,3.8,美食与服务兼具，值得推荐给大家！
R001157,2024-09-04,4.2,6,3.1,3.7,口味正宗，服务热情，是我喜欢的餐厅。
R001284,2024-09-04,5.0,6,4.2,5.0,菜品口味极佳，服务员很热情，整体体验很棒。
R000194,2024-09-05,3.7,4,2.2,3.1,味道中规中矩，服务态度一般般。
R000245,2024-09-05,3.2,7,2.4,3.8,普通的一餐，没有特别惊喜的地方。
R000296,2024-09-05,3.9,8,2.3,2.3,味道还可以，服务一般，整体中规中矩吧。
R000644,2024-09-05,2.6,16,2.3,2.4,整体感觉一般，可能不会特意再来。
R000696,2024-09-05,3.7,9,2.9,3.0,勉强及格吧，各方面都很普通。
R001104,2024-09-05,4.2,5,3.6,3.9,菜品口味极佳，服务员很热情，整体体验很棒。
R000312,2024-09-06,5.0,16,4.0,2.8,服务员很专业，菜品也很美味，点赞！
R000692,2024-09-06,4.6,18,4.3,3.9,强烈推荐这家餐厅，味道好，服务一流！
R000835,2024-09-06,3.8,22,2.7,2.9,勉强及格吧，各方面都很普通。
R001212,2024-09-06,2.9,27,2.5,2.4,味道还可以，服务一般，整体中规中矩吧。
R000183,2024-09-07,2.9,7,2.0,3.8,菜品和服务都属于一般水平，不难吃也不惊艳。
R000413,2024-09-07,2.0,20,3.3,3.2,非常失望的一次用餐，不会再来了。
R000799,2024-09-07,3.7,20,2.7,3.8,菜品和服务都还过得去，性价比一般。
R000851,2024-09-07,2.8,23,2.6,3.5,味道还可以，服务一般，整体中规中矩吧。
R001153,2024-09-07,3.1,19,2.9,3.0,普通的一餐，没有特别惊喜的地方。
R001411,2024-09-07,5.0,10,3.6,4.3,口味正宗，服务热情，是我喜欢的餐厅。
R000858,2024-09-08,4.2,16,3.8,3.1,强烈推荐这家餐厅，味道好，服务一流！
R000919,2024-09-08,4.0,18,3.4,2.8,口味正宗，服务热情，是我喜欢的餐厅。
R000935,2024-09-08,4.6,16,3.5,4.0,特别喜欢他们家的菜，每次来都很满意。
R001056,2024-09-08,2.8,19,2.9,2.2,菜品和服务都还过得去，性价比一般。
R000132,2024-09-09,4.2,8,3.2,3.1,很满意的一次用餐体验，味道赞，服务棒。
R001026,2024-09-09,4.3,18,3.3,3.2,菜品色香味俱全，服务员态度超好。
R001393,2024-09-09,4.4,21,4.1,3.2,美食与服务兼具，值得推荐给大家！
R000604,2024-09-10,4.8,24,3.9,4.0,他们家的菜真的很合我口味，服务也到位。
R000832,2024-09-10,3.1,14,2.4,2.8,普通的一餐，没有特别惊喜的地方。
R001069,2024-09-10,3.9,21,2.3,3.3,普通的餐厅，没有太多特色。
R001181,2024-09-10,4.0,20,3.4,2.9,他们家的菜真的很合我口味，服务也到位。
R001255,2024-09-11,5.0,14,4.0,3.9,今天点的菜都很好吃，服务员也很贴心。
R001303,2024-09-11,3.6,17,2.6,3.1,整体感觉一般，可能不会特意再来。
R000113,2024-09-12,3.9,22,3.1,4.3,菜品和服务都属于一般水平，不难吃也不惊艳。
R001093,2024-09-12,4.2,14,3.6,3.3,强烈推荐这家餐厅，味道好，服务一流！
R001124,2024-09-12,2.6,26,2.7,3.1,菜品和服务都还过得去，性价比一般。
R000165,2024-09-13,4.8,25,3.2,4.3,他们家的菜真的很合我口味，服务也到位。
R001024,2024-09-13,5.0,12,4.3,3.6,口味正宗，服务热情，是我喜欢的餐厅。
R001338,2024-09-13,2.7,28,3.3,4.1,整体感觉一般，可能不会特意再来。
R000326,2024-09-14,2.5,18,2.8,3.0,整体体验很差，味道和服务都不行。
R001184,2024-09-14,2.3,20,2.0,2.7,各方面都需要改进，目前水平太差。
R001489,2024-09-14,3.3,5,2.8,2.9,勉强及格吧，各方面都很普通。
R000019,2024-09-15,3.6,6,2.5,3.2,勉强及格吧，各方面都很普通。
R000412,2024-09-15,2.4,32,2.4,3.7,菜品口味一般，没有想象中好吃。
R000632,2024-09-15,5.0,15,3.6,4.5,环境不错，菜品精致，服务员很有耐心。
R000167,2024-09-16,5.0,7,3.5,3.4,菜品口味极佳，服务员很热情，整体体验很棒。
R000172,2024-09-16,3.5,12,3.0,2.0,勉强及格吧，各方面都很普通。
R000375,2024-09-16,4.5,25,3.1,3.6,他们家的菜真的很合我口味，服务也到位。
R000538,2024-09-16,4.1,10,2.6,2.8,慕名而来，果然名不虚传，味道和服务都很好。
R000794,2024-09-16,3.1,8,2.4,2.2,勉强及格吧，各方面都很普通。
R001145,2024-09-16,4.3,6,2.3,3.8,朋友推荐来的，果然没失望，味道和服务都满分！
R000131,2024-09-17,2.7,18,2.3,1.7,菜品口味还行，服务态度马马虎虎。
R000330,2024-09-17,4.5,15,4.0,3.1,味道非常棒，服务态度也很好，下次还会再来！
R000494,2024-09-17,3.3,20,2.5,3.3,味道过得去，服务也还行，价格稍贵。
R001126,2024-09-17,2.8,8,2.0,2.8,菜品和服务都还过得去，性价比一般。
R001139,2024-09-17,4.7,6,4.0,3.5,强烈推荐这家餐厅，味道好，服务一流！
R000513,2024-09-18,3.9,8,3.9,3.3,菜品口味还行，服务态度马马虎虎。
R000573,2024-09-18,4.9,15,3.5,3.9,特别喜欢他们家的菜，每次来都很满意。
R001485,2024-09-19,4.6,3,3.3,4.5,味道非常棒，服务态度也很好，下次还会再来！
R000241,2024-09-20,3.3,14,2.8,3.3,整体感觉一般，可能不会特意再来。
R000579,2024-09-20,3.0,13,2.0,2.9,整体感觉一般，可能不会特意再来。
R001082,2024-09-20,4.0,18,2.7,3.8,勉强及格吧，各方面都很普通。
R000218,2024-09-21,3.4,16,2.8,4.0,菜品和服务都属于一般水平，不难吃也不惊艳。
R000846,2024-09-21,4.2,23,3.9,4.6,强烈推荐这家餐厅，味道好，服务一流！
R000616,2024-09-22,4.3,10,3.6,3.8,环境不错，菜品精致，服务员很有耐心。
R001048,2024-09-22,2.9,10,3.7,2.9,普通的餐厅，没有太多特色。
R001090,2024-09-22,4.1,14,2.9,4.2,环境不错，菜品精致，服务员很有耐心。
R000523,2024-09-23,3.0,25,2.3,3.0,味道中规中矩，服务态度一般般。
R000643,2024-09-23,3.5,16,2.6,3.9,普通的餐厅，没有太多特色。
R001494,2024-09-23,4.2,13,3.1,3.8,很满意的一次用餐体验，味道赞，服务棒。
R000351,2024-09-24,5.0,9,3.1,2.0,今天点的菜都很好吃，服务员也很贴心。
R000809,2024-09-24,4.7,19,4.2,3.5,朋友推荐来的，果然没失望，味道和服务都满分！
R000954,2024-09-24,5.0,9,4.2,3.3,口味正宗，服务热情，是我喜欢的餐厅。
R000897,2024-09-25,4.0,7,3.8,3.5,勉强及格吧，各方面都很普通。
R001190,2024-09-26,2.5,19,2.6,2.8,整体体验很差，味道和服务都不行。
R001479,2024-09-26,3.7,19,2.0,3.1,普通的餐厅，没有太多特色。
R000147,2024-09-27,3.1,13,2.2,2.0,菜品口味还行，服务态度马马虎虎。
R000204,2024-09-27,5.0,23,4.4,4.3,特别喜欢他们家的菜，每次来都很满意。
R000390,2024-09-27,3.8,14,2.9,3.5,整体感觉一般，可能不会特意再来。
R000179,2024-09-28,4.0,22,3.5,3.8,勉强及格吧，各方面都很普通。
R000327,2024-09-28,5.0,6,3.8,4.0,今天点的菜都很好吃，服务员也很贴心。
R000626,2024-09-28,2.8,19,2.4,2.7,味道过得去，服务也还行，价格稍贵。
R000873,2024-09-28,2.5,16,1.9,2.1,非常失望的一次用餐，不会再来了。
R001242,2024-09-28,3.6,18,3.5,2.7,勉强及格吧，各方面都很普通。
R001337,2024-09-28,2.9,30,2.0,2.0,味道中规中矩，服务态度一般般。
R000196,2024-09-29,3.7,30,2.5,3.5,普通的一餐，没有特别惊喜的地方。
R000789,2024-09-29,3.8,10,3.3,3.0,菜品和服务都还过得去，性价比一般。
R000089,2024-09-30,3.9,8,1.9,2.9,菜品口味还行，服务态度马马虎虎。
R000707,2024-09-30,2.4,26,2.2,3.5,味道比较普通，对不起这个价格。
R000909,2024-09-30,4.0,21,3.9,3.6,今天点的菜都很好吃，服务员也很贴心。
R001208,2024-09-30,3.9,15,1.4,3.3,普通的餐厅，没有太多特色。
R000051,2024-10-01,4.7,14,2.7,4.4,特别喜欢他们家的菜，每次来都很满意。
R000154,2024-10-01,4.0,12,3.1,3.9,菜品色香味俱全，服务员态度超好。
R000276,2024-10-01,4.8,4,4.1,4.1,朋友推荐来的，果然没失望，味道和服务都满分！
R000497,2024-10-01,3.5,14,3.0,3.3,菜品口味还行，服务态度马马虎虎。
R000889,2024-10-01,4.0,22,3.6,2.9,环境不错，菜品精致，服务员很有耐心。
R001359,2024-10-01,2.1,24,2.7,2.5,整体体验很差，味道和服务都不行。
R000122,2024-10-02,3.8,3,2.4,4.0,味道还可以，服务一般，整体中规中矩吧。
R000373,2024-10-02,5.0,12,4.6,3.3,特别喜欢他们家的菜，每次来都很满意。
R000524,2024-10-02,5.0,4,4.3,2.7,菜品口味极佳，服务员很热情，整体体验很棒。
R000688,2024-10-02,3.5,12,3.1,3.3,普通的餐厅，没有太多特色。
R000813,2024-10-02,4.7,16,3.5,3.5,服务员很专业，菜品也很美味，点赞！
R001156,2024-10-02,3.9,21,3.7,3.4,普通的餐厅，没有太多特色。
R001397,2024-10-02,3.8,3,2.0,1.8,菜品口味还行，服务态度马马虎虎。
R000178,2024-10-03,4.2,27,3.6,4.7,特别喜欢他们家的菜，每次来都很满意。
R000208,2024-10-03,3.8,30,3.9,3.4,普通的餐厅，没有太多特色。
R000247,2024-10-03,3.5,22,3.2,3.3,菜品和服务都还过得去，性价比一般。
R000290,2024-10-03,3.0,25,2.7,3.0,菜品和服务都还过得去，性价比一般。
R000656,2024-10-03,4.8,10,3.4,3.4,朋友推荐来的，果然没失望，味道和服务都满分！
R000735,2024-10-03,5.0,5,4.2,4.1,今天用餐很愉快，菜品美味，服务周到。
R001025,2024-10-03,5.0,22,3.6,3.5,环境不错，菜品精致，服务员很有耐心。
R001335,2024-10-03,4.3,13,3.5,3.6,菜品口味极佳，服务员很热情，整体体验很棒。
R001404,2024-10-03,4.4,17,3.8,4.4,很满意的一次用餐体验，味道赞，服务棒。
R001461,2024-10-03,4.0,8,3.7,2.8,菜品和服务都属于一般水平，不难吃也不惊艳。
R000319,2024-10-04,4.6,13,3.9,3.9,今天点的菜都很好吃，服务员也很贴心。
R000670,2024-10-04,5.0,18,4.0,3.2,味道非常棒，服务态度也很好，下次还会再来！
R001085,2024-10-04,3.9,23,4.1,4.3,味道过得去，服务也还行，价格稍贵。
R001213,2024-10-04,2.9,18,3.2,3.6,整体感觉一般，可能不会特意再来。
R000385,2024-10-05,3.6,14,3.3,3.4,味道还可以，服务一般，整体中规中矩吧。
R001003,2024-10-05,4.4,12,3.2,3.5,慕名而来，果然名不虚传，味道和服务都很好。
R001161,2024-10-05,2.5,5,1.8,2.2,各方面都需要改进，目前水平太差。
R001426,2024-10-05,2.5,17,1.5,1.9,菜品和服务都属于一般水平，不难吃也不惊艳。
R000010,2024-10-06,3.7,26,3.3,3.6,菜品口味还行，服务态度马马虎虎。
R000026,2024-10-06,3.8,23,3.1,4.1,菜品和服务都属于一般水平，不难吃也不惊艳。
R000437,2024-10-06,4.5,17,4.2,4.0,口味正宗，服务热情，是我喜欢的餐厅。
R000689,2024-10-06,4.2,11,4.2,3.2,味道非常棒，服务态度也很好，下次还会再来！
R001269,2024-10-06,3.7,10,2.2,3.2,整体感觉一般，可能不会特意再来。
R000558,2024-10-07,3.7,21,3.0,3.2,菜品口味还行，服务态度马马虎虎。
R000634,2024-10-07,3.3,19,3.3,3.5,整体感觉一般，可能不会特意再来。
R000201,2024-10-08,4.0,17,3.5,3.0,今天点的菜都很好吃，服务员也很贴心。
R000286,2024-10-08,2.7,3,2.9,2.3,菜品和服务都属于一般水平，不难吃也不惊艳。
R000876,2024-10-08,4.3,26,4.5,4.4,很满意的一次用餐体验，味道赞，服务棒。
R001073,2024-10-08,3.8,12,2.5,3.2,普通的一餐，没有特别惊喜的地方。
R001099,2024-10-08,4.1,24,3.6,3.9,朋友推荐来的，果然没失望，味道和服务都满分！
R000055,2024-10-09,5.0,13,4.6,3.8,今天用餐很愉快，菜品美味，服务周到。
R000428,2024-10-09,5.0,12,4.3,3.9,环境不错，菜品精致，服务员很有耐心。
R000441,2024-10-09,3.7,17,3.5,3.9,勉强及格吧，各方面都很普通。
R000976,2024-10-09,2.3,20,2.2,3.5,味道不太合我的口味，有点失望。
R001113,2024-10-09,5.0,13,4.5,4.4,味道非常棒，服务态度也很好，下次还会再来！
R001115,2024-10-09,4.3,19,4.1,3.2,很满意的一次用餐体验，味道赞，服务棒。
R001134,2024-10-09,4.3,17,4.1,3.8,强烈推荐这家餐厅，味道好，服务一流！
R001160,2024-10-09,3.5,19,3.1,2.8,菜品和服务都属于一般水平，不难吃也不惊艳。
R000149,2024-10-10,3.6,24,3.4,2.7,普通的一餐，没有特别惊喜的地方。
R000227,2024-10-10,3.8,10,2.8,3.6,整体感觉一般，可能不会特意再来。
R000393,2024-10-10,2.6,11,2.4,2.4,味道过得去，服务也还行，价格稍贵。
R000401,2024-10-10,2.6,20,2.6,2.4,菜品和服务都还过得去，性价比一般。
R000546,2024-10-10,2.9,23,2.9,3.7,勉强及格吧，各方面都很普通。
R000872,2024-10-10,3.8,10,2.8,2.3,勉强及格吧，各方面都很普通。
R000914,2024-10-10,5.0,7,3.5,4.5,口味正宗，服务热情，是我喜欢的餐厅。
R001449,2024-10-10,5.0,13,4.1,3.0,很满意的一次用餐体验，味道赞，服务棒。
R000310,2024-10-11,3.6,22,3.1,3.1,味道还可以，服务一般，整体中规中矩吧。
R000844,2024-10-11,4.3,10,2.7,3.2,环境不错，菜品精致，服务员很有耐心。
R000852,2024-10-11,3.2,19,3.1,3.4,普通的餐厅，没有太多特色。
R000097,2024-10-12,3.7,19,3.9,3.4,整体感觉一般，可能不会特意再来。
R000619,2024-10-12,4.4,3,4.1,2.7,慕名而来，果然名不虚传，味道和服务都很好。
R000948,2024-10-12,3.8,13,3.0,4.1,整体感觉一般，可能不会特意再来。
R001353,2024-10-12,4.6,6,3.4,4.0,朋友推荐来的，果然没失望，味道和服务都满分！
R000456,2024-10-13,2.7,25,3.8,2.2,普通的一餐，没有特别惊喜的地方。
R000627,2024-10-13,3.7,5,2.2,2.8,菜品和服务都属于一般水平，不难吃也不惊艳。
R000022,2024-10-14,3.8,19,2.8,3.9,整体感觉一般，可能不会特意再来。
R000121,2024-10-14,4.6,15,3.4,3.5,朋友推荐来的，果然没失望，味道和服务都满分！
R000431,2024-10-14,3.3,5,2.8,3.5,味道过得去，服务也还行，价格稍贵。
R001376,2024-10-14,4.7,7,3.4,2.7,口味正宗，服务热情，是我喜欢的餐厅。
R000370,2024-10-15,3.4,11,2.8,2.7,菜品口味还行，服务态度马马虎虎。
R000711,2024-10-15,4.9,4,2.6,3.6,菜品色香味俱全，服务员态度超好。
R000754,2024-10-15,5.0,14,3.6,3.0,今天点的菜都很好吃，服务员也很贴心。
R000943,2024-10-15,5.0,4,3.3,3.2,特别喜欢他们家的菜，每次来都很满意。
R000350,2024-10-16,3.5,18,3.0,3.6,菜品口味还行，服务态度马马虎虎。
R000786,2024-10-16,4.6,18,3.5,4.2,菜品口味极佳，服务员很热情，整体体验很棒。
R001244,2024-10-16,2.8,19,3.0,2.0,菜品和服务都属于一般水平，不难吃也不惊艳。
R001299,2024-10-16,4.1,12,2.9,3.8,美食与服务兼具，值得推荐给大家！
R001446,2024-10-16,4.3,5,2.5,3.6,他们家的菜真的很合我口味，服务也到位。
R000109,2024-10-17,4.3,17,3.6,3.9,美食与服务兼具，值得推荐给大家！
R000191,2024-10-17,3.8,19,2.7,3.1,菜品口味还行，服务态度马马虎虎。
R000340,2024-10-18,3.6,13,3.8,2.7,菜品和服务都属于一般水平，不难吃也不惊艳。
R000555,2024-10-18,4.6,4,2.5,2.8,美食与服务兼具，值得推荐给大家！
R000826,2024-10-18,4.6,20,4.5,4.0,今天点的菜都很好吃，服务员也很贴心。
R000962,2024-10-18,4.9,20,4.8,4.4,今天用餐很愉快，菜品美味，服务周到。
R001014,2024-10-18,3.8,12,2.9,3.2,整体感觉一般，可能不会特意再来。
R000249,2024-10-19,4.5,16,4.0,3.5,今天点的菜都很好吃，服务员也很贴心。
R001168,2024-10-19,4.8,5,3.4,4.1,今天点的菜都很好吃，服务员也很贴心。
R001288,2024-10-19,5.0,4,3.6,4.8,很满意的一次用餐体验，味道赞，服务棒。
R000922,2024-10-20,2.6,24,2.7,2.2,勉强及格吧，各方面都很普通。
R000600,2024-10-21,4.6,21,3.3,3.6,他们家的菜真的很合我口味，服务也到位。
R000680,2024-10-21,4.8,15,3.9,4.0,朋友推荐来的，果然没失望，味道和服务都满分！
R000770,2024-10-21,4.9,14,3.6,4.4,今天用餐很愉快，菜品美味，服务周到。
R001039,2024-10-21,3.9,5,3.3,2.8,普通的一餐，没有特别惊喜的地方。
R001290,2024-10-21,2.2,16,2.3,2.4,整体体验很差，味道和服务都不行。
R000060,2024-10-22,5.0,12,3.5,4.3,慕名而来，果然名不虚传，味道和服务都很好。
R000250,2024-10-22,4.3,23,2.5,3.7,今天点的菜都很好吃，服务员也很贴心。
R000516,2024-10-22,4.5,13,3.9,3.5,强烈推荐这家餐厅，味道好，服务一流！
R000937,2024-10-22,3.7,13,3.3,2.9,菜品和服务都属于一般水平，不难吃也不惊艳。
R001044,2024-10-22,3.6,12,3.3,3.3,勉强及格吧，各方面都很普通。
R000318,2024-10-23,3.8,9,2.5,2.7,普通的餐厅，没有太多特色。
R000342,2024-10-23,4.6,3,3.2,3.6,特别喜欢他们家的菜，每次来都很满意。
R000564,2024-10-23,4.2,14,3.6,2.4,今天点的菜都很好吃，服务员也很贴心。
R000767,2024-10-23,5.0,3,2.7,4.0,口味正宗，服务热情，是我喜欢的餐厅。
R001151,2024-10-23,3.7,7,2.6,2.8,味道还可以，服务一般，整体中规中矩吧。
R001325,2024-10-23,4.2,14,2.9,3.1,口味正宗，服务热情，是我喜欢的餐厅。
R000503,2024-10-24,3.3,8,2.4,1.7,菜品和服务都属于一般水平，不难吃也不惊艳。
R000869,2024-10-24,4.7,6,3.6,3.4,口味正宗，服务热情，是我喜欢的餐厅。
R000126,2024-10-25,4.4,23,4.3,4.8,菜品色香味俱全，服务员态度超好。
R000349,2024-10-25,2.8,22,3.1,2.7,整体感觉一般，可能不会特意再来。
R000440,2024-10-25,4.1,15,3.3,2.5,菜品色香味俱全，服务员态度超好。
R001256,2024-10-25,3.7,11,3.0,2.2,菜品和服务都属于一般水平，不难吃也不惊艳。
R000124,2024-10-26,3.2,9,2.2,3.2,普通的一餐，没有特别惊喜的地方。
R000324,2024-10-26,5.0,9,4.0,4.0,他们家的菜真的很合我口味，服务也到位。
R000677,2024-10-26,3.6,3,2.6,2.1,菜品口味还行，服务态度马马虎虎。
R001053,2024-10-26,4.2,29,3.7,3.5,很满意的一次用餐体验，味道赞，服务棒。
R001366,2024-10-26,4.2,12,4.2,3.0,今天用餐很愉快，菜品美味，服务周到。
R001040,2024-10-27,4.6,15,3.4,4.5,慕名而来，果然名不虚传，味道和服务都很好。
R001150,2024-10-27,2.8,22,2.8,3.6,普通的一餐，没有特别惊喜的地方。
R001274,2024-10-27,4.2,3,2.5,2.7,他们家的菜真的很合我口味，服务也到位。
R001406,2024-10-27,3.7,21,3.2,2.8,味道还可以，服务一般，整体中规中矩吧。
R001451,2024-10-27,3.7,24,3.1,3.6,味道中规中矩，服务态度一般般。
R000030,2024-10-28,4.0,6,3.1,2.9,味道中规中矩，服务态度一般般。
R000226,2024-10-28,4.5,23,3.3,2.0,慕名而来，果然名不虚传，味道和服务都很好。
R000229,2024-10-28,3.6,17,3.2,4.0,味道中规中矩，服务态度一般般。
R000896,2024-10-28,4.8,3,4.1,4.2,特别喜欢他们家的菜，每次来都很满意。
R000959,2024-10-28,5.0,18,4.1,3.1,菜品色香味俱全，服务员态度超好。
R000998,2024-10-28,4.5,12,3.4,3.3,慕名而来，果然名不虚传，味道和服务都很好。
R001471,2024-10-28,5.0,3,4.0,4.6,特别喜欢他们家的菜，每次来都很满意。
R000012,2024-10-29,3.8,13,3.6,3.8,勉强及格吧，各方面都很普通。
R001185,2024-10-29,3.1,17,2.4,2.6,味道还可以，服务一般，整体中规中矩吧。
R000710,2024-10-30,5.0,14,3.9,4.0,朋友推荐来的，果然没失望，味道和服务都满分！
R000776,2024-10-30,3.4,6,2.6,3.1,普通的餐厅，没有太多特色。
R000817,2024-10-30,3.4,21,3.2,2.6,菜品和服务都属于一般水平，不难吃也不惊艳。
R001486,2024-10-30,4.9,7,2.9,3.5,环境不错，菜品精致，服务员很有耐心。
R000334,2024-10-31,3.3,17,3.1,3.4,菜品和服务都还过得去，性价比一般。
R000343,2024-10-31,4.4,10,2.8,3.9,他们家的菜真的很合我口味，服务也到位。
R000628,2024-10-31,4.0,23,3.5,3.3,朋友推荐来的，果然没失望，味道和服务都满分！
R000983,2024-10-31,2.5,30,4.2,3.0,菜品和服务都还过得去，性价比一般。
R001013,2024-10-31,5.0,19,3.4,4.4,朋友推荐来的，果然没失望，味道和服务都满分！
R000141,2024-11-01,4.0,15,3.8,4.0,环境不错，菜品精致，服务员很有耐心。
R000145,2024-11-01,4.7,6,3.6,3.9,美食与服务兼具，值得推荐给大家！
R000507,2024-11-01,3.9,15,3.0,3.7,普通的一餐，没有特别惊喜的地方。
R000841,2024-11-01,3.6,20,2.9,2.7,菜品口味还行，服务态度马马虎虎。
R000898,2024-11-01,4.1,6,3.6,3.9,特别喜欢他们家的菜，每次来都很满意。
R000951,2024-11-01,3.7,7,3.3,3.0,菜品口味还行，服务态度马马虎虎。
R001440,2024-11-01,4.9,11,3.9,5.0,特别喜欢他们家的菜，每次来都很满意。
R001456,2024-11-01,1.8,28,2.4,3.1,味道比较普通，对不起这个价格。
R000181,2024-11-02,4.7,18,4.0,3.6,味道非常棒，服务态度也很好，下次还会再来！
R001029,2024-11-02,3.5,31,4.3,3.6,勉强及格吧，各方面都很普通。
R001138,2024-11-02,2.6,22,2.7,2.2,菜品和服务都还过得去，性价比一般。
R000784,2024-11-03,4.7,7,3.0,4.1,朋友推荐来的，果然没失望，味道和服务都满分！
R000020,2024-11-04,2.6,29,2.7,2.2,菜品和服务都还过得去，性价比一般。
R000690,2024-11-04,4.0,19,3.4,4.7,普通的一餐，没有特别惊喜的地方。
R000047,2024-11-05,4.0,7,3.5,3.1,味道中规中矩，服务态度一般般。
R000405,2024-11-05,3.8,14,3.2,3.6,整体感觉一般，可能不会特意再来。
R001033,2024-11-05,4.3,19,2.8,4.4,口味正宗，服务热情，是我喜欢的餐厅。
R000205,2024-11-06,2.4,18,2.0,3.1,味道不太合我的口味，有点失望。
R000512,2024-11-06,4.5,8,2.7,3.8,服务员很专业，菜品也很美味，点赞！
R000565,2024-11-06,4.9,17,4.4,4.4,他们家的菜真的很合我口味，服务也到位。
R000761,2024-11-06,3.7,18,3.0,3.9,普通的餐厅，没有太多特色。
R000762,2024-11-06,3.9,18,3.3,3.0,味道还可以，服务一般，整体中规中矩吧。
R000950,2024-11-06,4.6,9,2.7,2.7,环境不错，菜品精致，服务员很有耐心。
R001302,2024-11-06,3.8,36,3.1,3.7,普通的一餐，没有特别惊喜的地方。
R001306,2024-11-06,2.8,3,1.9,3.1,菜品口味还行，服务态度马马虎虎。
R000086,2024-11-07,3.3,20,3.1,3.9,勉强及格吧，各方面都很普通。
R000173,2024-11-07,4.0,11,2.5,3.7,普通的餐厅，没有太多特色。
R001108,2024-11-07,3.6,3,3.3,2.7,味道中规中矩，服务态度一般般。
R000595,2024-11-08,4.0,23,4.4,3.8,普通的一餐，没有特别惊喜的地方。
R000827,2024-11-08,4.9,6,3.3,3.7,菜品口味极佳，服务员很热情，整体体验很棒。
R000965,2024-11-08,3.7,21,2.8,2.2,整体感觉一般，可能不会特意再来。
R001250,2024-11-08,2.4,13,2.3,2.1,性价比很低，不值得来。
R001378,2024-11-08,5.0,9,4.8,4.1,特别喜欢他们家的菜，每次来都很满意。
R000388,2024-11-09,4.5,18,3.9,5.0,今天用餐很愉快，菜品美味，服务周到。
R000631,2024-11-09,2.1,18,2.6,2.8,各方面都需要改进，目前水平太差。
R001491,2024-11-10,3.0,27,3.1,3.5,菜品口味还行，服务态度马马虎虎。
R000554,2024-11-11,4.1,12,4.6,3.4,强烈推荐这家餐厅，味道好，服务一流！
R000812,2024-11-11,2.7,29,3.2,3.9,菜品和服务都还过得去，性价比一般。
R001412,2024-11-11,4.4,17,3.5,3.6,强烈推荐这家餐厅，味道好，服务一流！
R000058,2024-11-12,4.3,8,3.1,3.5,菜品口味极佳，服务员很热情，整体体验很棒。
R000952,2024-11-12,4.9,8,3.0,3.6,特别喜欢他们家的菜，每次来都很满意。
R001215,2024-11-12,3.7,17,3.1,3.5,菜品和服务都属于一般水平，不难吃也不惊艳。
R000345,2024-11-13,3.6,16,2.5,3.9,勉强及格吧，各方面都很普通。
R000458,2024-11-13,2.5,40,2.4,3.5,味道有点奇怪，可能不会再来了。
R000582,2024-11-13,3.6,19,3.6,3.3,菜品口味还行，服务态度马马虎虎。
R000963,2024-11-13,4.2,18,3.3,4.1,菜品口味极佳，服务员很热情，整体体验很棒。
R001252,2024-11-13,4.0,27,3.8,3.1,普通的一餐，没有特别惊喜的地方。
R001311,2024-11-13,3.9,14,3.2,4.0,普通的餐厅，没有太多特色。
R001375,2024-11-13,5.0,14,4.4,4.8,环境不错，菜品精致，服务员很有耐心。
R000369,2024-11-14,4.2,6,3.5,3.5,美食与服务兼具，值得推荐给大家！
R000706,2024-11-14,4.0,18,3.7,4.2,今天用餐很愉快，菜品美味，服务周到。
R000747,2024-11-14,4.2,7,2.2,3.1,今天点的菜都很好吃，服务员也很贴心。
R001092,2024-11-14,4.6,11,3.9,3.2,很满意的一次用餐体验，味道赞，服务棒。
R000533,2024-11-15,4.3,18,3.1,3.8,菜品色香味俱全，服务员态度超好。
R001201,2024-11-15,4.0,18,3.4,3.4,今天点的菜都很好吃，服务员也很贴心。
R000169,2024-11-16,3.5,21,3.0,2.8,味道中规中矩，服务态度一般般。
R000645,2024-11-16,3.6,13,2.7,3.8,菜品和服务都还过得去，性价比一般。
R000968,2024-11-16,5.0,15,3.0,4.1,今天点的菜都很好吃，服务员也很贴心。
R000997,2024-11-16,5.0,12,2.9,3.9,很满意的一次用餐体验，味道赞，服务棒。
R001094,2024-11-16,4.4,15,3.3,3.7,很满意的一次用餐体验，味道赞，服务棒。
R001211,2024-11-16,4.0,8,2.4,2.9,普通的一餐，没有特别惊喜的地方。
R000057,2024-11-17,3.1,22,2.5,2.4,普通的餐厅，没有太多特色。
R000137,2024-11-17,4.0,7,3.2,3.3,口味正宗，服务热情，是我喜欢的餐厅。
R000778,2024-11-17,4.3,5,2.4,2.5,特别喜欢他们家的菜，每次来都很满意。
R001317,2024-11-17,2.7,18,2.0,2.4,普通的餐厅，没有太多特色。
R001319,2024-11-17,3.5,18,2.9,2.4,菜品和服务都还过得去，性价比一般。
R000599,2024-11-18,3.6,3,3.1,2.7,普通的一餐，没有特别惊喜的地方。
R000938,2024-11-18,4.2,21,2.9,4.5,很满意的一次用餐体验，味道赞，服务棒。
R001107,2024-11-18,4.1,10,3.4,2.9,特别喜欢他们家的菜，每次来都很满意。
R000234,2024-11-19,2.9,12,3.8,3.4,味道中规中矩，服务态度一般般。
R001218,2024-11-19,4.4,22,3.1,3.4,今天用餐很愉快，菜品美味，服务周到。
R000410,2024-11-20,4.4,16,4.5,3.2,特别喜欢他们家的菜，每次来都很满意。
R000417,2024-11-20,4.9,8,4.3,4.6,他们家的菜真的很合我口味，服务也到位。
R000581,2024-11-20,4.2,15,4.5,3.0,很满意的一次用餐体验，味道赞，服务棒。
R001225,2024-11-20,3.2,30,2.4,3.0,菜品口味还行，服务态度马马虎虎。
R000074,2024-11-21,5.0,4,4.7,3.6,今天点的菜都很好吃，服务员也很贴心。
R000087,2024-11-21,4.6,16,3.7,4.5,环境不错，菜品精致，服务员很有耐心。
R000803,2024-11-21,3.5,11,2.6,4.0,菜品口味还行，服务态度马马虎虎。
R001055,2024-11-21,3.9,8,2.4,3.1,味道中规中矩，服务态度一般般。
R001309,2024-11-21,4.3,22,3.7,5.0,很满意的一次用餐体验，味道赞，服务棒。
R001382,2024-11-21,4.2,3,3.0,4.0,强烈推荐这家餐厅，味道好，服务一流！
R000424,2024-11-22,4.8,16,4.0,4.7,朋友推荐来的，果然没失望，味道和服务都满分！
R000641,2024-11-22,3.4,16,2.8,2.9,普通的一餐，没有特别惊喜的地方。
R000918,2024-11-22,4.8,17,3.6,2.3,今天点的菜都很好吃，服务员也很贴心。
R001260,2024-11-22,4.5,19,2.7,3.9,朋友推荐来的，果然没失望，味道和服务都满分！
R001368,2024-11-22,3.4,7,2.7,2.5,味道中规中矩，服务态度一般般。
R000001,2024-11-23,3.8,21,2.5,3.1,味道中规中矩，服务态度一般般。
R000095,2024-11-23,4.2,3,2.5,3.2,强烈推荐这家餐厅，味道好，服务一流！
R000171,2024-11-23,3.1,13,2.2,3.4,菜品和服务都属于一般水平，不难吃也不惊艳。
R001276,2024-11-23,4.0,12,3.2,2.7,他们家的菜真的很合我口味，服务也到位。
R001439,2024-11-23,4.4,3,3.3,4.4,菜品色香味俱全，服务员态度超好。
R000156,2024-11-24,3.7,12,2.0,4.4,菜品和服务都属于一般水平，不难吃也不惊艳。
R000493,2024-11-24,4.0,24,3.5,3.4,整体感觉一般，可能不会特意再来。
R001438,2024-11-24,5.0,13,3.8,3.1,菜品色香味俱全，服务员态度超好。
R000115,2024-11-25,3.9,13,3.3,3.3,普通的一餐，没有特别惊喜的地方。
R000715,2024-11-25,3.5,11,3.7,3.6,味道还可以，服务一般，整体中规中矩吧。
R001497,2024-11-25,4.8,17,3.5,4.7,强烈推荐这家餐厅，味道好，服务一流！
R000267,2024-11-26,4.3,32,3.5,3.3,他们家的菜真的很合我口味，服务也到位。
R000362,2024-11-26,5.0,21,3.1,3.5,菜品色香味俱全，服务员态度超好。
R000856,2024-11-26,4.0,17,2.8,3.7,菜品和服务都属于一般水平，不难吃也不惊艳。
R001320,2024-11-26,3.8,3,2.9,3.2,味道中规中矩，服务态度一般般。
R001427,2024-11-26,4.9,14,4.1,4.4,服务员很专业，菜品也很美味，点赞！
R000084,2024-11-27,3.6,15,2.4,3.6,味道还可以，服务一般，整体中规中矩吧。
R000795,2024-11-27,3.4,8,2.6,3.7,普通的一餐，没有特别惊喜的地方。
R001005,2024-11-27,5.0,6,2.9,3.4,今天点的菜都很好吃，服务员也很贴心。
R001122,2024-11-27,4.5,21,3.8,2.9,强烈推荐这家餐厅，味道好，服务一流！
R001380,2024-11-27,5.0,13,3.5,4.2,特别喜欢他们家的菜，每次来都很满意。
R000024,2024-11-28,3.1,7,3.0,4.0,勉强及格吧，各方面都很普通。
R000215,2024-11-28,3.7,10,3.4,3.3,勉强及格吧，各方面都很普通。
R000739,2024-11-28,5.0,11,3.7,4.1,今天用餐很愉快，菜品美味，服务周到。
R001204,2024-11-28,3.9,23,3.0,3.3,味道过得去，服务也还行，价格稍贵。
R001386,2024-11-28,4.5,11,3.2,4.5,今天用餐很愉快，菜品美味，服务周到。
R000289,2024-11-29,4.6,17,3.0,2.3,朋友推荐来的，果然没失望，味道和服务都满分！
R000741,2024-11-29,2.0,15,1.8,2.5,性价比很低，不值得来。
R000810,2024-11-29,2.6,22,3.1,2.4,味道过得去，服务也还行，价格稍贵。
R001049,2024-11-29,4.3,23,3.8,3.7,朋友推荐来的，果然没失望，味道和服务都满分！
R001179,2024-11-29,3.1,15,3.6,3.1,味道还可以，服务一般，整体中规中矩吧。
R000266,2024-11-30,3.3,8,3.5,3.0,普通的一餐，没有特别惊喜的地方。
R000389,2024-11-30,5.0,11,4.2,4.0,强烈推荐这家餐厅，味道好，服务一流！
R000112,2024-12-01,4.1,3,3.0,2.2,美食与服务兼具，值得推荐给大家！
R000566,2024-12-01,4.1,10,3.0,3.1,今天点的菜都很好吃，服务员也很贴心。
R000608,2024-12-01,2.9,20,3.0,2.8,味道过得去，服务也还行，价格稍贵。
R001195,2024-12-01,2.9,17,1.1,3.7,菜品和服务都还过得去，性价比一般。
R001409,2024-12-01,3.3,11,3.3,4.2,味道还可以，服务一般，整体中规中矩吧。
R000348,2024-12-02,3.5,8,3.2,2.4,菜品口味还行，服务态度马马虎虎。
R001084,2024-12-02,4.4,24,2.9,4.2,强烈推荐这家餐厅，味道好，服务一流！
R000199,2024-12-03,3.8,19,3.0,3.5,味道过得去，服务也还行，价格稍贵。
R000258,2024-12-03,2.8,22,2.4,3.8,菜品口味还行，服务态度马马虎虎。
R000485,2024-12-03,3.3,22,2.3,3.4,味道中规中矩，服务态度一般般。
R000576,2024-12-03,2.7,12,2.1,2.4,味道还可以，服务一般，整体中规中矩吧。
R001152,2024-12-03,2.0,27,2.6,2.4,踩雷了，这家店的味道和服务都不行。
R001295,2024-12-03,4.1,14,3.8,3.3,今天点的菜都很好吃，服务员也很贴心。
R001314,2024-12-03,4.0,12,3.7,3.2,菜品和服务都还过得去，性价比一般。
R001493,2024-12-03,3.4,15,2.6,2.5,勉强及格吧，各方面都很普通。
R000065,2024-12-04,4.5,20,2.9,4.3,很满意的一次用餐体验，味道赞，服务棒。
R000311,2024-12-04,3.9,11,2.5,3.7,普通的餐厅，没有太多特色。
R000791,2024-12-04,3.8,28,3.7,4.6,普通的一餐，没有特别惊喜的地方。
R000971,2024-12-04,3.5,23,3.1,4.4,味道过得去，服务也还行，价格稍贵。
R000999,2024-12-04,3.3,21,3.7,1.8,菜品和服务都属于一般水平，不难吃也不惊艳。
R001465,2024-12-04,3.8,24,2.6,3.9,菜品和服务都还过得去，性价比一般。
R000395,2024-12-05,4.7,14,4.8,3.3,今天用餐很愉快，菜品美味，服务周到。
R000535,2024-12-05,3.0,23,3.9,3.5,普通的餐厅，没有太多特色。
R000580,2024-12-05,4.5,11,3.3,4.8,强烈推荐这家餐厅，味道好，服务一流！
R000712,2024-12-05,4.2,19,2.5,2.7,环境不错，菜品精致，服务员很有耐心。
R000868,2024-12-05,4.5,3,4.2,3.4,口味正宗，服务热情，是我喜欢的餐厅。
R001071,2024-12-05,4.3,15,3.5,3.4,特别喜欢他们家的菜，每次来都很满意。
R001178,2024-12-05,4.1,3,3.3,4.2,服务员很专业，菜品也很美味，点赞！
R001436,2024-12-05,3.9,26,3.7,3.8,勉强及格吧，各方面都很普通。
R000531,2024-12-06,4.4,21,4.3,3.0,强烈推荐这家餐厅，味道好，服务一流！
R000550,2024-12-06,3.7,16,2.8,3.0,味道中规中矩，服务态度一般般。
R000392,2024-12-07,4.4,15,3.1,2.9,强烈推荐这家餐厅，味道好，服务一流！
R000453,2024-12-07,3.2,7,2.6,3.4,味道过得去，服务也还行，价格稍贵。
R000540,2024-12-07,3.7,3,2.8,3.4,普通的餐厅，没有太多特色。
R000625,2024-12-07,4.8,15,4.8,4.4,菜品色香味俱全，服务员态度超好。
R001264,2024-12-07,3.9,9,2.5,2.1,普通的一餐，没有特别惊喜的地方。
R000244,2024-12-08,4.6,24,4.2,4.1,他们家的菜真的很合我口味，服务也到位。
R000355,2024-12-08,3.0,23,2.9,4.1,菜品和服务都属于一般水平，不难吃也不惊艳。
R000468,2024-12-08,4.5,13,3.7,4.4,今天点的菜都很好吃，服务员也很贴心。
R000700,2024-12-08,3.5,18,3.0,3.9,普通的餐厅，没有太多特色。
R000752,2024-12-08,2.2,27,2.6,2.4,非常失望的一次用餐，不会再来了。
R000828,2024-12-08,3.7,11,3.2,3.3,菜品和服务都还过得去，性价比一般。
R000080,2024-12-09,3.1,8,2.0,2.9,味道中规中矩，服务态度一般般。
R000214,2024-12-09,3.9,21,4.3,3.9,味道中规中矩，服务态度一般般。
R000361,2024-12-09,4.8,13,2.9,3.4,美食与服务兼具，值得推荐给大家！
R000526,2024-12-09,2.6,16,1.6,1.8,菜品和服务都属于一般水平，不难吃也不惊艳。
R001063,2024-12-09,5.0,7,3.4,3.6,很满意的一次用餐体验，味道赞，服务棒。
R001402,2024-12-09,4.8,11,4.0,2.1,美食与服务兼具，值得推荐给大家！
R000265,2024-12-10,3.7,13,3.4,2.7,菜品口味还行，服务态度马马虎虎。
R000586,2024-12-10,4.6,5,2.7,4.9,他们家的菜真的很合我口味，服务也到位。
R001042,2024-12-10,3.9,4,3.3,4.2,味道过得去，服务也还行，价格稍贵。
R001363,2024-12-10,4.8,6,3.4,3.3,菜品色香味俱全，服务员态度超好。
R001364,2024-12-10,2.9,20,3.3,1.9,整体感觉一般，可能不会特意再来。
R000336,2024-12-11,3.8,17,2.4,3.4,勉强及格吧，各方面都很普通。
R000571,2024-12-11,3.7,22,3.1,2.7,味道还可以，服务一般，整体中规中矩吧。
R001038,2024-12-11,2.3,22,2.3,2.5,性价比很低，不值得来。
R001207,2024-12-11,3.5,16,3.1,3.6,普通的一餐，没有特别惊喜的地方。
R001351,2024-12-11,3.0,10,1.5,3.0,普通的一餐，没有特别惊喜的地方。
R001371,2024-12-11,4.2,9,2.2,2.9,很满意的一次用餐体验，味道赞，服务棒。
R000009,2024-12-12,4.0,15,3.5,3.6,菜品口味还行，服务态度马马虎虎。
R000552,2024-12-12,4.5,8,2.3,3.5,美食与服务兼具，值得推荐给大家！
R000771,2024-12-12,4.5,17,4.1,4.5,美食与服务兼具，值得推荐给大家！
R001268,2024-12-12,3.2,18,1.7,2.9,勉强及格吧，各方面都很普通。
R001350,2024-12-12,4.4,10,2.8,3.0,今天用餐很愉快，菜品美味，服务周到。
R000496,2024-12-13,4.2,23,4.5,3.6,朋友推荐来的，果然没失望，味道和服务都满分！
R000701,2024-12-13,3.4,29,3.4,3.0,整体感觉一般，可能不会特意再来。
R001313,2024-12-13,4.5,28,4.1,4.1,服务员很专业，菜品也很美味，点赞！
R000139,2024-12-14,4.0,31,3.9,2.6,今天用餐很愉快，菜品美味，服务周到。
R000151,2024-12-14,4.6,19,3.8,3.4,他们家的菜真的很合我口味，服务也到位。
R001315,2024-12-14,3.1,29,3.0,1.9,普通的餐厅，没有太多特色。
R000083,2024-12-15,5.0,6,2.9,4.0,很满意的一次用餐体验，味道赞，服务棒。
R000153,2024-12-15,3.2,16,1.4,3.1,味道还可以，服务一般，整体中规中矩吧。
R000451,2024-12-15,4.3,3,2.9,3.5,今天用餐很愉快，菜品美味，服务周到。
R001245,2024-12-15,4.2,3,2.8,2.0,菜品色香味俱全，服务员态度超好。
R001253,2024-12-15,2.9,11,2.2,3.3,味道中规中矩，服务态度一般般。
R000099,2024-12-16,4.1,15,3.1,3.7,朋友推荐来的，果然没失望，味道和服务都满分！
R000783,2024-12-16,4.0,24,2.9,4.2,普通的一餐，没有特别惊喜的地方。
R001219,2024-12-16,3.2,10,2.9,3.3,勉强及格吧，各方面都很普通。
R000409,2024-12-17,4.4,5,3.2,3.6,美食与服务兼具，值得推荐给大家！
R000525,2024-12-17,4.2,3,2.5,4.4,他们家的菜真的很合我口味，服务也到位。
R000939,2024-12-17,4.2,11,3.2,3.7,朋友推荐来的，果然没失望，味道和服务都满分！
R000994,2024-12-17,3.3,26,3.2,4.3,普通的一餐，没有特别惊喜的地方。
R001300,2024-12-17,4.5,17,3.0,3.2,今天点的菜都很好吃，服务员也很贴心。
R001424,2024-12-17,3.7,14,3.2,3.0,整体感觉一般，可能不会特意再来。
R000096,2024-12-18,3.4,6,3.0,2.8,菜品口味还行，服务态度马马虎虎。
R000609,2024-12-18,2.5,12,1.5,1.9,整体体验很差，味道和服务都不行。
R000982,2024-12-18,4.2,28,4.3,3.9,口味正宗，服务热情，是我喜欢的餐厅。
R001019,2024-12-18,4.2,13,2.8,2.5,环境不错，菜品精致，服务员很有耐心。
R000209,2024-12-19,4.5,13,3.9,4.2,服务员很专业，菜品也很美味，点赞！
R000435,2024-12-19,4.2,36,5.0,3.7,他们家的菜真的很合我口味，服务也到位。
R000777,2024-12-19,3.5,20,1.9,2.2,菜品和服务都还过得去，性价比一般。
R000854,2024-12-19,4.9,4,3.3,4.7,环境不错，菜品精致，服务员很有耐心。
R000890,2024-12-19,4.5,23,4.2,2.6,口味正宗，服务热情，是我喜欢的餐厅。
R001278,2024-12-19,4.4,13,2.9,3.4,慕名而来，果然名不虚传，味道和服务都很好。
R001416,2024-12-19,3.7,29,4.0,3.3,普通的一餐，没有特别惊喜的地方。
R000865,2024-12-20,3.7,9,2.7,3.0,普通的一餐，没有特别惊喜的地方。
R001202,2024-12-20,3.4,23,2.4,3.1,普通的餐厅，没有太多特色。
R000662,2024-12-21,3.3,16,2.5,1.9,普通的餐厅，没有太多特色。
R001068,2024-12-21,4.7,20,4.0,4.4,朋友推荐来的，果然没失望，味道和服务都满分！
R001230,2024-12-21,5.0,11,3.9,4.0,口味正宗，服务热情，是我喜欢的餐厅。
R000309,2024-12-22,4.9,3,4.4,4.5,他们家的菜真的很合我口味，服务也到位。
R000544,2024-12-22,4.9,16,3.4,3.5,菜品色香味俱全，服务员态度超好。
R000602,2024-12-22,3.6,7,2.3,3.3,菜品口味还行，服务态度马马虎虎。
R000615,2024-12-22,5.0,20,4.2,3.9,服务员很专业，菜品也很美味，点赞！
R000678,2024-12-22,4.7,16,3.8,2.9,菜品色香味俱全，服务员态度超好。
R000781,2024-12-22,5.0,3,3.2,3.1,美食与服务兼具，值得推荐给大家！
R001403,2024-12-22,5.0,10,3.4,3.9,菜品色香味俱全，服务员态度超好。
R000034,2024-12-23,3.0,13,2.1,2.4,菜品口味还行，服务态度马马虎虎。
R000916,2024-12-23,3.8,17,3.3,3.9,菜品口味还行，服务态度马马虎虎。
R001103,2024-12-23,5.0,9,4.6,3.9,环境不错，菜品精致，服务员很有耐心。
R001166,2024-12-23,5.0,4,4.3,3.1,美食与服务兼具，值得推荐给大家！
R000757,2024-12-24,4.2,22,3.5,3.4,强烈推荐这家餐厅，味道好，服务一流！
R001021,2024-12-24,5.0,16,4.6,3.2,服务员很专业，菜品也很美味，点赞！
R001292,2024-12-24,5.0,10,3.7,2.5,菜品口味极佳，服务员很热情，整体体验很棒。
R001384,2024-12-24,3.2,18,3.0,2.2,普通的餐厅，没有太多特色。
R000025,2024-12-25,3.6,12,2.0,3.8,菜品和服务都还过得去，性价比一般。
R000082,2024-12-25,4.0,24,3.5,3.0,服务员很专业，菜品也很美味，点赞！
R000472,2024-12-25,2.5,3,1.9,2.2,普通的一餐，没有特别惊喜的地方。
R000842,2024-12-25,4.3,18,3.2,4.0,味道非常棒，服务态度也很好，下次还会再来！
R000879,2024-12-25,4.1,11,2.4,3.8,今天用餐很愉快，菜品美味，服务周到。
R000991,2024-12-25,4.4,14,2.5,3.3,服务员很专业，菜品也很美味，点赞！
R000062,2024-12-26,4.3,9,2.9,4.3,菜品口味极佳，服务员很热情，整体体验很棒。
R000386,2024-12-26,4.4,17,3.0,3.2,朋友推荐来的，果然没失望，味道和服务都满分！
R001226,2024-12-26,3.6,15,3.4,2.6,味道中规中矩，服务态度一般般。
R000429,2024-12-27,4.9,23,4.0,3.1,他们家的菜真的很合我口味，服务也到位。
R000664,2024-12-27,2.4,24,3.1,3.1,性价比很低，不值得来。
R000989,2024-12-27,3.8,15,4.0,2.9,普通的一餐，没有特别惊喜的地方。
R001127,2024-12-27,3.8,26,2.9,3.7,菜品和服务都属于一般水平，不难吃也不惊艳。
R001175,2024-12-27,4.2,6,2.7,2.2,服务员很专业，菜品也很美味，点赞！
R000233,2024-12-28,4.0,14,2.7,2.8,美食与服务兼具，值得推荐给大家！
R000520,2024-12-28,5.0,5,2.5,4.0,很满意的一次用餐体验，味道赞，服务棒。
R000805,2024-12-28,2.8,30,2.5,3.0,普通的一餐，没有特别惊喜的地方。
R000908,2024-12-28,4.2,21,2.9,4.4,口味正宗，服务热情，是我喜欢的餐厅。
R001110,2024-12-29,4.7,25,4.0,4.0,他们家的菜真的很合我口味，服务也到位。
R000857,2024-12-30,3.5,12,2.0,2.0,普通的餐厅，没有太多特色。
R000211,2024-12-31,4.4,23,4.1,3.3,慕名而来，果然名不虚传，味道和服务都很好。
R000650,2024-12-31,5.0,3,3.4,3.9,特别喜欢他们家的菜，每次来都很满意。
